INSERT INTO role_table (id, name)
VALUES (1, 'ADMIN');
INSERT INTO role_table (id, name)
VALUES (2, 'DERMATOLOGIST');
INSERT INTO role_table (id, name)
VALUES (3, 'PATIENT');

-- 123 password
INSERT INTO system_user (username, password, name, surname, email, role_id)
VALUES ('user', '$2a$04$Vbug2lwwJGrvUXTj6z7ff.97IzVBkrJ1XfApfGNl.Z695zqcnPYra', 'Marko', 'Markovic', 'user@example.com',
        3);
INSERT INTO system_user (username, password, name, surname, email, role_id)
VALUES ('admin', '$2a$04$Vbug2lwwJGrvUXTj6z7ff.97IzVBkrJ1XfApfGNl.Z695zqcnPYra', 'Nikola', 'Nikolic',
        'admin@example.com', 1);
INSERT INTO system_user (username, password, name, surname, email, role_id)
VALUES ('lazar', '$2a$04$Vbug2lwwJGrvUXTj6z7ff.97IzVBkrJ1XfApfGNl.Z695zqcnPYra', 'Lazar', 'Lazic', 'laza@example.com',
        2);

-- Sus users
INSERT INTO system_user (username, password, name, surname, email, role_id)
VALUES ('userSus1', '$2a$04$Vbug2lwwJGrvUXTj6z7ff.97IzVBkrJ1XfApfGNl.Z695zqcnPYra', 'Sus', 'User1',
        'Sus1@example.com',
        3);
INSERT INTO system_user (username, password, name, surname, email, role_id)
VALUES ('userSus2', '$2a$04$Vbug2lwwJGrvUXTj6z7ff.97IzVBkrJ1XfApfGNl.Z695zqcnPYra', 'Sus', 'User2',
        'Sus2@example.com',
        3);

INSERT INTO patient (id, birthday, gender)
VALUES (1, '2020-10-31', 'MALE');
INSERT INTO admin (id)
VALUES (2);
INSERT INTO dermatologist (id)
VALUES (3);

INSERT INTO patient (id, birthday, gender)
VALUES (4, '2020-10-30', 'FEMALE');
INSERT INTO patient (id, birthday, gender)
VALUES (5, '2020-10-29', 'MALE');

-- Skin Type Characteristics
INSERT INTO skin_type_characteristics (skin_type)
VALUES ('COMBINED');
INSERT INTO skin_characteristics (skin_type_id, characteristic)
VALUES (1, 'OILY_SKIN');
INSERT INTO skin_characteristics (skin_type_id, characteristic)
VALUES (1, 'VISIBLE_PORES');
INSERT INTO skin_characteristics (skin_type_id, characteristic)
VALUES (1, 'DRY_SKIN');
INSERT INTO skin_characteristics (skin_type_id, characteristic)
VALUES (1, 'BLEMISHES');

INSERT INTO skin_type_characteristics (skin_type)
VALUES ('OILY');
INSERT INTO skin_characteristics (skin_type_id, characteristic)
VALUES (2, 'BLEMISHES');
INSERT INTO skin_characteristics (skin_type_id, characteristic)
VALUES (2, 'VISIBLE_PORES');
INSERT INTO skin_characteristics (skin_type_id, characteristic)
VALUES (2, 'OILY_SKIN');

INSERT INTO skin_type_characteristics (skin_type)
VALUES ('NORMAL');
INSERT INTO skin_characteristics (skin_type_id, characteristic)
VALUES (3, 'RADIANT_COMPLEXION');

INSERT INTO skin_type_characteristics (skin_type)
VALUES ('DRY');
INSERT INTO skin_characteristics (skin_type_id, characteristic)
VALUES (4, 'TIGHT_SKIN');
INSERT INTO skin_characteristics (skin_type_id, characteristic)
VALUES (4, 'DRY_SKIN');
INSERT INTO skin_characteristics (skin_type_id, characteristic)
VALUES (4, 'ITCHY_SKIN');
INSERT INTO skin_characteristics (skin_type_id, characteristic)
VALUES (4, 'RED_PATCHES');

INSERT INTO skin_type_characteristics (skin_type)
VALUES ('SENSITIVE');
INSERT INTO skin_characteristics (skin_type_id, characteristic)
VALUES (5, 'DRY_SKIN');
INSERT INTO skin_characteristics (skin_type_id, characteristic)
VALUES (5, 'BLEMISHES');
INSERT INTO skin_characteristics (skin_type_id, characteristic)
VALUES (5, 'ITCHY_SKIN');
INSERT INTO skin_characteristics (skin_type_id, characteristic)
VALUES (5, 'RED_PATCHES');

-- Ingredients

-- AHAs
INSERT INTO ingredient (name, benefiting_acne, benefiting_age, benefiting_skin_type)
VALUES ('Glycolic acid', 'BLACKHEADS', 'ADULT', 'SENSITIVE'); --1
INSERT INTO benefiting_goals (ingredient_id, goal)
VALUES (1, 'REDUCE_WRINKLES');
INSERT INTO benefiting_goals (ingredient_id, goal)
VALUES (1, 'IMPROVE_PIGMENTATION');
INSERT INTO benefiting_goals (ingredient_id, goal)
VALUES (1, 'REDUCE_BREAKOUTS');

INSERT INTO ingredient (name, benefiting_acne, benefiting_age, benefiting_skin_type)
VALUES ('Lactic acid', 'PAPULES', 'ADULT', 'DRY'); --2 DRY?
INSERT INTO benefiting_goals (ingredient_id, goal)
VALUES (2, 'REDUCE_BREAKOUTS');
INSERT INTO benefiting_goals (ingredient_id, goal)
VALUES (2, 'REDUCE_OILINESS');

INSERT INTO ingredient (name, benefiting_age, benefiting_skin_type)
VALUES ('Tartaric acid', 'ADULT', 'DRY'); --3 all acne benefiting
INSERT INTO benefiting_goals (ingredient_id, goal)
VALUES (3, 'HYDRATE_SKIN');
INSERT INTO benefiting_goals (ingredient_id, goal)
VALUES (3, 'REDUCE_WRINKLES');
INSERT INTO benefiting_goals (ingredient_id, goal)
VALUES (3, 'REDUCE_ACNE_SCARING');

INSERT INTO ingredient (name, benefiting_acne, benefiting_age, benefiting_skin_type)
VALUES ('Malic  acid', 'BLACKHEADS', 'ADULT', 'SENSITIVE'); --4
INSERT INTO benefiting_goals (ingredient_id, goal)
VALUES (4, 'REDUCE_BREAKOUTS');
INSERT INTO benefiting_goals (ingredient_id, goal)
VALUES (4, 'REDUCE_OILINESS');

-- Beta-hydroxy acid - BHAs
INSERT INTO ingredient (name, benefiting_acne, benefiting_age, benefiting_skin_type)
VALUES ('Citric acid', 'WHITEHEADS', 'ADULT', 'OILY'); --5
INSERT INTO benefiting_goals (ingredient_id, goal)
VALUES (5, 'REDUCE_ACNE');
INSERT INTO benefiting_goals (ingredient_id, goal)
VALUES (5, 'REDUCE_OILINESS');

INSERT INTO ingredient (name, benefiting_acne, benefiting_age, benefiting_skin_type)
VALUES ('Salicylic acid', 'WHITEHEADS', 'YOUTH', 'OILY '); --6
INSERT INTO benefiting_goals (ingredient_id, goal)
VALUES (6, 'REDUCE_WRINKLES');
INSERT INTO benefiting_goals (ingredient_id, goal)
VALUES (6, 'REDUCE_ACNE');
INSERT INTO benefiting_goals (ingredient_id, goal)
VALUES (6, 'REDUCE_OILINESS');

-- Not for sensitive, dry, oily skin
INSERT INTO ingredient (name, benefiting_age, benefiting_skin_type)
VALUES ('Hydroquinone', 'ADULT', 'COMBINED'); --7
INSERT INTO benefiting_goals (ingredient_id, goal)
VALUES (7, 'REDUCE_WRINKLES');
INSERT INTO benefiting_goals (ingredient_id, goal)
VALUES (7, 'REDUCE_SUN_DAMAGE');
INSERT INTO benefiting_goals (ingredient_id, goal)
VALUES (7, 'REDUCE_ACNE_SCARING');
INSERT INTO benefiting_goals (ingredient_id, goal)
VALUES (7, 'IMPROVE_PIGMENTATION');

-- Retinoids
INSERT INTO ingredient (name, benefiting_acne, benefiting_age, benefiting_skin_type)
VALUES ('Retinol', 'BLACKHEADS', 'ADULT', 'OILY'); --8
INSERT INTO benefiting_goals (ingredient_id, goal)
VALUES (8, 'REDUCE_WRINKLES');
INSERT INTO benefiting_goals (ingredient_id, goal)
VALUES (8, 'REDUCE_SUN_DAMAGE');
INSERT INTO benefiting_goals (ingredient_id, goal)
VALUES (8, 'IMPROVE_PIGMENTATION');
INSERT INTO benefiting_goals (ingredient_id, goal)
VALUES (8, 'REDUCE_ACNE');

-- VITAMIN C
INSERT INTO ingredient (name, benefiting_age, benefiting_skin_type)
VALUES ('L-ascorbic acid', 'YOUTH', 'NORMAL'); --9
INSERT INTO benefiting_goals (ingredient_id, goal)
VALUES (9, 'REDUCE_ACNE_SCARING');
INSERT INTO benefiting_goals (ingredient_id, goal)
VALUES (9, 'REDUCE_SUN_DAMAGE');
INSERT INTO benefiting_goals (ingredient_id, goal)
VALUES (9, 'IMPROVE_PIGMENTATION');
INSERT INTO benefiting_goals (ingredient_id, goal)
VALUES (9, 'HYDRATE_SKIN');
INSERT INTO benefiting_goals (ingredient_id, goal)
VALUES (9, 'REDUCE_REDNESS');

INSERT INTO ingredient (name, benefiting_acne, benefiting_age, benefiting_skin_type)
VALUES ('Sodium ascorbyl phosphate', 'CYSTS', 'YOUTH', 'OILY'); --10
INSERT INTO benefiting_goals (ingredient_id, goal)
VALUES (10, 'REDUCE_ACNE_SCARING');
INSERT INTO benefiting_goals (ingredient_id, goal)
VALUES (10, 'REDUCE_SUN_DAMAGE');

--
INSERT INTO ingredient (name, benefiting_acne, benefiting_age, benefiting_skin_type)
VALUES ('Hyaluronic acid', 'CYSTS', 'YOUTH', 'DRY'); --11
INSERT INTO benefiting_goals (ingredient_id, goal)
VALUES (11, 'HYDRATE_SKIN');
INSERT INTO benefiting_goals (ingredient_id, goal)
VALUES (11, 'REDUCE_BREAKOUTS');
INSERT INTO benefiting_goals (ingredient_id, goal)
VALUES (11, 'IMPROVE_PIGMENTATION');
INSERT INTO benefiting_goals (ingredient_id, goal)
VALUES (11, 'REDUCE_REDNESS');

INSERT INTO ingredient (name, benefiting_age, benefiting_skin_type)
VALUES ('Copper peptide', 'YOUTH', 'OILY'); --12
INSERT INTO benefiting_goals (ingredient_id, goal)
VALUES (12, 'REDUCE_ACNE');
INSERT INTO benefiting_goals (ingredient_id, goal)
VALUES (12, 'IMPROVE_PIGMENTATION');
INSERT INTO benefiting_goals (ingredient_id, goal)
VALUES (12, 'REDUCE_REDNESS');
INSERT INTO benefiting_goals (ingredient_id, goal)
VALUES (12, 'REDUCE_ACNE_SCARING');

-- And papules
INSERT INTO ingredient (name, benefiting_acne, benefiting_age, benefiting_skin_type)
VALUES ('Niacinamide', 'PUSTULES', 'YOUTH', 'SENSITIVE'); -- 13
INSERT INTO benefiting_goals (ingredient_id, goal)
VALUES (13, 'REDUCE_ACNE');
INSERT INTO benefiting_goals (ingredient_id, goal)
VALUES (13, 'REDUCE_ACNE_SCARING');
INSERT INTO benefiting_goals (ingredient_id, goal)
VALUES (13, 'IMPROVE_PIGMENTATION');
INSERT INTO benefiting_goals (ingredient_id, goal)
VALUES (13, 'IMPROVE_SKIN_ELASTICITY');
INSERT INTO benefiting_goals (ingredient_id, goal)
VALUES (13, 'REDUCE_REDNESS');

-- For hormonal acne: cysts, whiteheads, blackheads
INSERT INTO ingredient (name, benefiting_acne, benefiting_age, benefiting_skin_type)
VALUES ('Coenzyme Q10', 'CYSTS', 'ADULT', 'SENSITIVE'); -- 14
INSERT INTO benefiting_goals (ingredient_id, goal)
VALUES (14, 'IMPROVE_SKIN_ELASTICITY');
INSERT INTO benefiting_goals (ingredient_id, goal)
VALUES (14, 'REDUCE_SUN_DAMAGE');
INSERT INTO benefiting_goals (ingredient_id, goal)
VALUES (14, 'REDUCE_WRINKLES');

-- Dry/combination skin
INSERT INTO ingredient (name, benefiting_acne, benefiting_age, benefiting_skin_type)
VALUES ('Sulfur', 'NODULES', 'ADULT', 'COMBINED'); -- 15
INSERT INTO benefiting_goals (ingredient_id, goal)
VALUES (15, 'REDUCE_ACNE');
INSERT INTO benefiting_goals (ingredient_id, goal)
VALUES (15, 'REDUCE_OILINESS');

-- Products
INSERT INTO product (name, product_type, manufacturer, usage_instructions, image, price)
VALUES ('CeraVe Moisturizing Cream', 'CLEANSER', 'CeraVe',
        'Use morning and evening. Apply to wet hands and massage into the skin, then rinse thoroughly.', 'iVBORw0KGgoAAAANSUhEUgAAAgAAAAIACAYAAAD0eNT6AAAABHNCSVQICAgIfAhkiAAAAAlwSFlzAAAN1wAADdcBQiibeAAAABl0RVh0U29mdHdhcmUAd3d3Lmlua3NjYXBlLm9yZ5vuPBoAACAASURBVHic7N15nCNndS/833lKe2tGmvEGBoztBi9twJYBt4GQQMObADLJDSQhEG5CgCRkYwmBkJWQS/ZceBMgCdlJuG9YElYPuSEgSAzGGpa2sS0vIGOIDV5nWjPqllTLc94/Sj3u6elWa6mqp6p0vp+PMe7prjqjlvQcPcs5xMwQQgghxHxRpgMQQgghRPQkARBCCCHmkCQAQgghxBySBEAIIYSYQ5IACCGEEHNIEgAhhBBiDkkCIIQQQswhSQCEEEKIOSQJgBBCCDGHJAEQQggh5lDGdABCpF2n0VoAsATgcQDyANaH/2wAuBvATZWVpbmqyd1ptAj+4/EIACUAC8N/BgBuBtCqrCx1zUUoRPqR9AIQIlidRssC8DwAPw7gcgDnAaARP/IAgAaATwP4ZGVl6c6wYzSh02idC+B7ATwLwAqA00d8OwO4E8AqgH8EcHVlZckLOUQh5ookAEIEpNNoPQrAKwG8HMAjp7yMBvBeAG9OSyIwHPjfAuClmH7Z8W4AfwfgrysrS/8dUGhCzDVJAISYUafRUgDeCH+QywV0WRvAXwF4a2Vl6d6ArhmpTqN1FoDfAPDTCPZxeTOAP6qsLOmArinEXJIEQIgZdBqt8+FPUT8tpFscBfDCysrSZ0K6fig6jdYzAfwrgAMh3eLzAH68srJ0R0jXFyL15BSAEFPqNFo/CuAGhDf4A/4A+u+dRusVId4jUMNY/x3hDf6A/5jfMPwdCCGmIDMAQkyh02h9P4APAbAivO2fAPiVuE59D5dC/hDAL0d4Ww/ACyorSx+L8J5CpIIkAEJMqNNofReATwIoGrj9PwB4edyODQ6P9f0dgJcZuH0PwPdWVpY+Z+DeQiSWLAEIMYFOo/V4AB+HmcEf8AfYtxu69yhvh5nBH/B/Fx8f/m6EEGOSBECIMXUarSr8wb9qOJTXdBqt3zYcwwnDWF5jOIwq/CTA9O9GiMSQBECI8f01gEebDmLozZ1G67WmgxjG8GbTcQw9Gv7vSAgxBkkAhBhDp9H6KQA/ZDqObd7WabR+0tTNh/d+m6n77+KHhr8rIcQeZBOgEHvoNFoXA/gS/Jr1ceMBeFFlZelfo7xpp9F6IYD3I9pTEOPaAPCkysrSLaYDESLOJAEQYoROo1UA0ATwBNOxjGADeH5lZemTUdys02h9L/y9EEFV9wvDVwEsV1aW+qYDESKuZAlAiNH+GPEe/AF/IP5wp9EKsyARAGB4jw8j3oM/4P/O/th0EELEmcwACLGLYbGfj5qOYwJrAJ5ZWVm6PoyLdxqtywB8BuZPQUziB6RIkBA7kwRAiB10Gq1HwC/ze5rpWCZ0H4CnV1aWbg/yop1G6wIA1wA4M8jrRuBBAJdWVpbuNh2IEHEjSwBCbDMsafteJG/wB/wB+lOdRuucoC44vNankLzBH/B/h+8d/k6FEFvIi0KIU/0qgGeYDmIGjwJwTRCV8YbXuGZ4zaR6BvzfqRBiC1kCEGKLTqP1FAD/BSBjOpYAHAfwksrK0tXT/HCn0boKwP8HYF+gUZnhAvjuysrSF0wHIkRcSAIgxFCn0aoAuB7AuYZDCdrHALyxsrJ02zjf3Gm0LgTwRwC+P9SooncngMsqK0sd04EIEQeSAAgx1Gm03g/gR0zHERIX/g7+j8Nfz7+zsrLUA4BOo1WEn/Q8G8DzATwT6ZgB2ckHKitLLzIdhBBxIAmAEAA6jdYrAPyN6TgidmT474NGo4jeKysrS39rOgghTJMEQMy9TqN1EYAvI56lfkXwNgA8sbKydKvpQIQwSU4BiLnWabTyAN4HGfznSQnA+4a/eyHmliQAYt79MYBLTQchIncppFSwmHOyBCDm1vCY28dNxyGMev60xySFSDpJAMRc6jRaZ8Mv9Xu66ViEUQ/ALxX8bdOBCBE1WQIQc2dYFvafIIO/8J8D/ySlgsU8kie9mEdvArBiOggRGyvwnxNCzBVZAhBzpdNoXQm/tn1aC92I6bjwuyheZzoQIaIiCYCYGyku9SuCcSekVLCYI7IEIObJuyGDv9jdufCfI0LMBUkAxFzoNFovByA14MVeXjR8rgiRerIEIFJv2N3uywAWTMciEmEdfqngsbonCpFUMgMgUm1LqV8Z/MW4FiClgsUckARApN0fArjMdBAicS6D/9wRIrVkCUCkVqfRqgOQMq9iFldVVpYOmQ5CiDBIAiBSqdNoPRx+qd8zTMciEu1++KWCv2M6ECGCJksAInW2lPqVwV/M6gxIqWCRUvKkFmn0RgDPMh2ESI1nwX9OCZEqsgQgUqXTaC0D+Byk1K8IlgvguyorS03TgQgRFEkARGp0Gq398Ev9nmc6FpFK34BfKviY6UCECIIsAYg0+UvI4C/Ccx7855gQqSAzACIVOo3WywD8vek44o6Z4bguNGtorQEASikoUshmMiAiwxEmwk9WVpb+wXQQQsxKEgCReJ1G6wIAX4FU+xvJ9VwMHAfY7TVPhHw2i4wl2yf2sA7g8srK0u2mAxFiFrIEIBKt02jlIKV+92Q7Dga2vfvgDwDMGNg2bMeJLrBk2iwVnDMdiBCzkARAJN0fAKiZDiLOPK3huOMP6o7rwBsuD4hd1eA/94RILFkCEInVabSeB7/Uryxcj9Ab9E+s949LKYVivhBSRKnB8EsFf8J0IEJMQxIAkUidRuthAL4KqfY3EjNjo9+b6mdLhaJsCtzb/QCeUFlZusd0IEJMSpYAROJ0Gi2ClPody6Sf/IP62TmyWSpYMiWROJIAiCR6I4Bnmw4iCTTPkADM8LNz5tmQUsEigWQJQCRKp9G6An6p36zpWJLAdh04U+7qz2azyGXkYR6TA79U8GHTgQgxLpkBEIkxLPX7z5DBX8RPFsA/D5+jQiSCJAAiSf4CwPmmgxBiF+fDf44KkQiSAIhE6DRaPwHgJabjEGIPLxk+V4WIPdkDIGKv02g9Fn6p37LpWJJG9gAY0YVfKvhrpgMRYhSZARCxtqXUrwz+IinKkFLBIgEkARBx9/sALjcdhBATuhz+c1eI2JIlABFbnUbrOQA+ASn1OzVZAjCKATyvsrL0f00HIsROZAZAxFKn0ToLwHsgg79ILgLwnuFzWYjYkQRAxNXbAJxpOgghZnQm/OeyELEjCYCInU6j9SzIkT+RHi8ZPqeFiBVJAESsDHdOv8t0HEIE7F1yKkDEjSQAIm7eCOBC00EIEbALIQ2DRMzIKQARG51G63wANwMomI4lLeQUQKz0AVxSWVm6w3QgQgAyAyDi5Z2QwV+kVwH+c1yIWJAEQMRCp9F6IYDnmo5DiJA9d/hcF8I4WQIQxnUarTKAWwA80nQsaSNLALF0F4CLKytLXdOBiPkmMwAiDt4AGfzF/Hgk/Oe8EEbJDIAwqtNoZQF8C8DDTMeSRjIDEFv3ADinsrI03S9HiADIDIAw7Qchg7+YPw+D/9wXwhhJAIRpP2s6ACEMkee+MEoSAGFMp9G6GMAzTMchhCHPGL4GhDBCEgBh0qtMByCEYfIaEMbIJkBhRKfRKgH4NoCK6VjSzPU8DOzBVD+bz+WRsayAIxLbdACcXVlZ2jAdiJg/MgMgTHkJZPAPnVLTv8Rn+Vkxtgqk86UwRF7hwhTZABUBRQQimvjniAhqip8TU5HXgjBCEgARuU6jdSmAy03HMS9y2cm70E7zM2Jqlw9fE0JEShIAYcIzTQcwTzKWBWuCtXzLsmTtP3rymhCRkwRAmPB00wHMm3wuh0wms+f3ZTIZ5HPy6d8AeU2IyO39jiBE8L7LdADzhkDIZ3PIWBYcx4XHGtg8AUQEixSy2QwsJZ/8DZHXhIicHAMUkeo0WhcAuM10HALQw9e+bPaLjQsrK0u3mw5CzA9ZAhBRk086MaFkp3/cyGtDREoSABE1WesUYmfy2hCRkgRARE3e5ITYmbw2RKRkD4CITKfRejj88r9CiJ2dXVlZ+o7pIMR8kBkAESVZ4xRiNHmNiMhIAiCidIHpAISIOXmNiMhIAiCidJrpAISIOXmNiMhIAiCidLrpAISIOXmNiMhIAiCiJG9uQowmrxERGUkARJTkzU2I0eQ1IiIjCYCIkry5CTGavEZEZCQBEFGSNzchRpPXiIiMFAISkeg0WjkAA9NxCJEA+crKkm06CJF+MgMgoiLHm4QYj7xWRCQkARBROWA6ACESQl4rIhKSAIiodE0HIERCyGtFREISABGVB0wHIERCyGtFREISABGJysrSBoCe6TiEiLne8LUiROgkARBRetB0AELEnLxGRGQkARBRkqlNIUaT14iIjCQAIkry5ibEaPIaEZHJmA5AzBV5cwuSIqh8FiCAXQ14GuzpUG9JlgIsBcoogAE9cAAtxcQCJK8RERlJAESU5M0tAJSxoEo5UC4D2vZn7Gl43T7Y8YK9Z9aCVS74CcAWaiEPtl3oDRvsBnvPOSWvEREZWQIQUZINTjOirAWrUoTaYfAH/E/oVqUIylrB3nN/8ZTBHwAIgMplAr/nHJPXiIiMJAAiSt8yHUCiEcHaVwTRTkP/lm8D7TpgT3xLpfxr7XXPYWzY4/vEnuQ1IiIjSwAJ1m22CX7d8DMBnAnCaQCKYNwP4N7Nf8rLi+EuDI/vWtMBJJkq5kBqvAGWiKDKBXid2Y6Uq335PQf/E/dUBFXMQW9Iz6cZxOY1snZoVWHzvQU4C36nwj78ZYoHANwH4Ei1XpNNIAkl3QBjbDjA10C0AuAKAGeAcABABX698H3YexZHAzgO4AiAI2A8CH+a8VYwfxpAs7y86Ib1d9iu02jdB+CMqO6XGgRkDpTHTgA2eesD6N50jeVUMQdrIT/Rz7BmuEe7gLytTOP+ysrSmVHdbO3QqgX/feWZYFwM8GnwB/mD8D9Y7Md47y/HABwFsAbgCED3g3AYwGcA3CAJQnxJAhAj3WY7C+BKED0LwNNAeDL8wT5M62B8GcDnwdwAcE15eTG0j3CdRutDAH4wrOunlcpn/Cn2CTEzvLWNiU8HkKVgVUtjf/rfyjvegx5EllOmyYcrK0svCOvia4dW8wCeBsYzAH46gCcBKId1v83bAmgC9DkQPgPgcLVec0K+pxiTJAAGdZttBeBZIPp/QHgagBqAyd/lg2UDuB6Ma8H8b+XlxU8GefFOo/VLAP53kNecB1alBDXlJjt2Pbhrky0FZKolUGa6+2nHm3npYU69vrKy9LYgL7h2aPXZYHwfwE8DcDmAyaZ0gtcD8KVhQvBpAJ+p1mtxWaKcO5IARKzbbGdBeA5AP+L/G6ebjmkPd4DxN2D+y/Ly4tFZL9ZptJ4M4HAAcc0NshQyBxZmuoa3MYDeGG8pQJVysEqzjRPu0fXQaxKk0BWVlaUvznqRtUOrVQA/DeafAvCY2cMK1f0AfQKEDwD4D5kdiJYkABHoNtt5EL4foB8C4fsQ/rR+GHpgfAjMf1ZeXpx6AO80Whn404KzjWhzxFrIQxVzM12DwfCO9cH26Kl5ymVg7S+AdjxkOD7ds+Gty2bACawDqFZWlqZeO1k7tPokMH4R4B+G+ZnEaawB9G8g/AuAQ9V6TZ5AIZMEICTdZnsBhP8xHPSfjfDX2qL0FTC/G4z3TLNfoNNofQrAs0KIK30IyBwsT7UWvx0D0N0+dH/nD1mqkIUqF2Yc+of3YoZ7RDYDTuDTlZWlZ0/6Q8N1/ZeC+VXw1/TT4jhAnxwmAx+r1muyphQCSQAC1G2294PwwuGg/0wkMwufxBEw/hbMv11eXhz7BdpptN4M4LfDCys9VD4La18h0Gtq2wU73olqgZS1QFkLKhfsqWBvRLIhTvHblZWlt4z7zWuHVotg/CbAPw1/x36a9QB8CkT/AuAj1XrtmOmA0kISgBl1m+2DILwIoBeA8N0AZpurTaa7wPxL5SsWPzjON3carRUAnw45plTIVEqJrbA3zebDOfasyspSY5xvXDu0+gIwvx3AOSHHFEcDAJ8F0YcAfLBar828L2meSQIwhW6z/bDhoP+DIDwVQNZ0TLHA+A8w/2x5ebE96ts6jZYF4E4Aj4wkroSijEKmmuytEu7aut+oSIxyF4BzKytLI5sprB1aPR/M7wLwnGjCij0HwOe2JAP3mg4oaSQBGFO32X4kiF4MwgvgF8+QMso764PxNjC/pby8uOu2806j9VsAxp7ynEdWOQ9VSPaEku478Lp902HE3ZsrK0u/s9sfrh1azYHx6wC/AelfVpyWB+C6YTLw/mq9drfpgJJAEoARus32+SD6MRB+AP4ZfRn0x/cNaH51eXnx6p3+sNNoPRx+3XMpR70TImQOLgSy+c8kfzPgOiDvM7txAZxTWVn6zk5/uHZo9blgfgeAxWjDSjQN4Msg+jCA91XrtW+YDiiuJAHYpttsXwyilwwH/cebjifxGB8F84+XlxdP2bjTabT+BcALDUQVe6qQhVUOdvOfKbIZcKR/raws/dD2L64dWt0Pxt8DHFplwDlyPUAfAeF91XrtNtPBxIkkAAC6zfZlw+n9HwBwoel4Uug2aH5eeXnxjq1flM2Au5ulEl/cyGbAkU7Z/Ld2aPU8MB8CcLGhmNLsFoA+DML7q/XaV00HY9rcJgDdZnt5OOg/H8D5puOZAw9A8wvKy4vXbP1ip9G6FZJ0nYQyFjLVkukwAuWubYDdkXvc5tFtlZWli7Z+Ye3Q6tPA/GFIw6wofB2gjw6TgZkrMCbRXCUA3Wb7e0D0IhCuAvAo0/HMoQGYf6Z8xeJ7Nr/QabReC+DtBmOKHatcgCqk62CJbAbc0esqK0v/7+Z/rB1afSmY/xpAOtZ+kuWbAH0MhA9U67XPmQ4mKqlOALY023kRCHUADzMdkwCD8YflK87/VQDoNFoHANwN2d3sS8nmv+1kM+ApegAeUVlZOgoAa1ev/i+Afx0IpBCjmM13hsnAB5HyZkWpSwC6zXYGwHNA9CMgPBfxb7Yzn/y+Ai8pLy8OOo3W3wJ4uemQ4iBNm/+289b70D3ZDDj0d5WVpVesHVrNg/FPw/r9In7uB+jQsFnRJ6v1WqrWsVKRAHSb7Zy/lk8/PGy2UzUdkxjLl6D5Km99UAJwM2QWIFWb/7ZjT8M9um46jDjoAbiEe4N1MH8cfl0REX9HtzUrGq+9ZowlNgHoNtulbc129pmOSUzlBmh+qrc+eB2At5oOxqQ0bv7bzu1snOhBMMd+g3uDt4H58/Dri4jkObatWVHPdEDTSFQC0G22921rtpPud8t5wTjkbQxeCM03YI5PBKRx8992euDAOz7XmwFvA/Ol3Bt8AMD3mw5GBGIDJzcrOm46oHHFPgEYNtv5kS3NdvKmYxIhYLzD6/Y/CuBTpkMxIqWb/7aTzYB4Nm8M6gC/znQgIhR9PNSs6F/i3qwolglAt9k+a0uHPWm2My+Yf9HrDp4K4MWmQ4maKmZhLaRz89923voAupf45dNp/DP3BteA+c9NByIi4QC4ZkuzovtMB7RdbBKAbrOdBeHlIPoJ+Jti0rkTSozisqtfpnv2nwPYbzqYKGUOLICs+Wg1MaebAY/xwP4ZePqfIP0v5pEH4Asgeg+A91TrtVgchzGeAHSb7QqIXgvCqyDn9AXQ0T37L9jVbzIdSFQoayFTma/tLHO3GdDTv88D+2chJ5QE8B0QvQvAO6v1WsdkIMYSgG6znQHR74LwcwDKRoIQcfUtrzs4BubHmQ4kCta+AlR+vla55mozIPON3BvsB/Bo06GIWDkO0DtA+C1T9QWMzDl2m+1HQtHnQHgjZPAXpzrHWsgr+K1S040IlJu/GWHKZwCV7g2PQy73bQUZ/MWp9gH8a2D+r7VDq48wEUDkCUC32X4eFK0CWI763iJBCEuqmEt9gw5VyKZ+5/9OCJT6I48AwAOnCeZLTMchYu2pYF5dO7T6fVHfONIEoHu4/RNQ9HFIeV4xBsqoZcpYqW7ZOQ+D4G5Sv+zh6a/C855iOgyRCGeA+dDaodWXRnnTyPYAdJvtp0HRpyCdrsRkHvC6AwXmg6YDCdo8bv7bzj3WA9spXOlhPsK9gQdp6ysm0wPRs6r12heiuFkkMwDdZvvRUPQhyOAvJne6Vcr9t+kgwjDPn/43pfUx4L79LcjgLyZXBPOH1w6tRtKuPvQEoNtsZ6HoagBnhn0vkVKKLlX5bCQZcWQU+Rvh5hzl0rcZkG33WjBfZjoOkVhngfnqtUOroWfH4c8AEH4ewFwc5xLhoZz1RLLU10zHERSVz4Kk9TsIKZsF0PprcN0nmg5DJN4TALwq7JuEmgB0m+0CiH4lzHuIuZFTxVwRhA3TgQQhVYPejFL0WGxw385D+pWIIDD/6tqh1VCXzcOdASB6PaS6nwgK4ZGqmLvJdBizoqw1N2V/x0FKpaIWAvftrwI4x3QcIjUeDuA1Yd4gtFMAw7X/7wA4LZQbiLml+86X2PGeZDqOac1j5b+9JL4yoOt9kW3nyabDEKnzAIjODqt3QJgfQ54BGfxFCFQhe9EwuUweQio+7QaNchkkdksE87fZdi4yHYZIpdMBfHdYFw8vASCqh3ZtMe/KVil/HH6HrUShbGYuK//thYigkpkYedy3jwHYZzoQkVKM54Z16RATAKyEdm0hCBeoYu6w6TAmlaINb4GjBC6L8MC5Dszy6V+EiJ8d1pVDSQC6zfZZAKT+tQjVsFTwjabjGBv5GwDFzihrJWsZwNM3SqlfEYHHrx1aDaWOTlgzAOeHeG0hNilVzD4MREdNBzIOylgy/T8CEYEyCUmQmI/ywD4L8j4nwqcAnBfWhcNwIKTrCrHdGVYp9y3TQYwjMYObQUl5jLhv3wmpbiqiUw3jouEkAIRKKNcVYieKLlX5TOxLBcv0/96S8BgNS/3WTMch5kooY2pYMwChZCtC7IZymSeSpdqm4xglCYObabF/jLRuS6lfYUCCZgAAHdJ1hdhNThVzWQA904HshJSS9f8xEBFIxXZZvcd9x4KU+hXRC2VMDeeVxkjOzmyRHoRzVCkXz+deyjrehSqmjxX37RsAPtd0HGIuhVICPaxU+6uQWQBhAFnqCspaXzIdxyliOqjFUhwfK9f7IrS+0nQYYi5pIJwP1aEkAOXlxS6Ab4dxbSH2ogrZC+NWKlim/8cXu8fKL/V7oekwxNy6q1qvrYdx4fAW2xi3hnZtIUbbZ5XyxxCnUsFx/FQbV/F6rDzu2x0A+00HIubWLWFdOMTdNvyB8K4txB4IF6pitmk6jBPiNajFW4weq2Gp34tNxyHmGFFoY2mYMwD/CCARFdpEOlHGupIyKpTNM5OK3bR2jMXmsfL0TfA8WfcXJh0B8H/CunhoCUB5eXEAxvvCur4QY1CqmDsLRGumA4nTp9rYi8NjxbzGA/sMADEvTCDSjf5PtV4bhHX1cA/cMv8ZAA71HkKMdoZVyt1pOgiKw6CWEHF4rLhv3wHgLNNxiLnGILwzzBuEmgCUlxdvBeP/hnkPIfak6DLjpYLjMq2dBIYfK3bca8F8udEghAAOVeu128O8Qfglt5h/GYAb+n2EGIFymcvjXipYxIDWbTiuDP7CNBdEbwz7JqEnAOXlxRYY/xT2fYTYQ35YKrhv4uaspS7WuAw+Vv1hqd+CqQCE8NE/VOu10I7/bYqm6DbzrwEIpZCBEGPzSwXfYOTenmyFGZuhx4r79qqU+hUx0AXhN6K4USQJQHl58R4w/iyKewkxCllq2USpYJkBGJ+Rx8r1vgStnxL9jYXYjt5erdfujeJO0bXdYv5dAJH8pYQYRRWyF0DRPZHeVMsMwNiifqyYv8O289hobyrEju4B4Q+iullkCUB5eXEdzG+N6n5CjLDfKuXXEGHDKpYEYGwRP1aa+/ZRAJUobyrEjoh+p1qvbUR1u2gbbzP+HECoxxqEGAvhIlXIXhfZ/TxZAhhbhI8VD5wvgHkpshsKsbtbAbw7yhtGmgCUlxc1mN8U5T2F2A1lrSspo26O4l4yAzC+yB4rT98spX5FbBC9qVqvRfpJIdoZAADlKxY/DODaqO8rxA6UKubOBFEn9Dsxg1mSgL0wMxDF48Tc4YF9OqTUr4iHa6r12kejvmnkCQAAQPPrISWCRTycoUq5b0RyJ1kG2FtEjxH37Tak1K+IBwbRL5u4sZEEoLy8eB0YHzFxbyG2I79UcOj7AdiVBGAvUTxG7LhfkFK/Ij7oX6v12mETdzYzAwAAzG8AYBu7vxBbUC5TI0vdEeY9tCMVsfcS+mOk9R1w3Fq4NxFibAMQfsXUzY0lAOXlxTYY7zV1fyG2yatizkKIpYLZ9mTdawSG/xiFqM99R0FK/YrYoPdU67VQP3iMYm4GAACY/wQRnsUWYiTCo0MtFcwMuKEOcMnmeqFuAJRSvyJmNAhvMxmA0QSgvLx4Cxj/aTIGIbYalgr+cljX17YsA+wm1MdGSv2K+GlU67XbTAZgdgbA92nTAQixlSpkHwNFoZSt5oEkALsJ7bFhvodt5zHhXFyIKRF9ynQI5hMA5i+aDkGIbSpWKXcEISxPsaehHVkG2E47HjicI4Ca+/aDAKphXFyIGYQ20zgu8wkAcKPpAIQ4BdHFYZUK5r4TxmUTLazHZFjq95JQLi7EbG4yHUAcEgDZBChiibLWchilgrXtSFXALZgZ2g4hAZBSvyLejI99cUgApBSniCtLFXNnBF4qmAEeyCzAJh44wdcFlVK/Iv6MPzfjkACcYzoAIUY4U5VygZ/T1T1JADaF8Vhw3/46pNSviLdHmQ7AfAJA9F2mQxBiFFJUC7pUMHtajgTCP/oX9Oa/YanfJwZ6USGC9zTTAZhPAICnmw5AiL1QLnMZKRVo0yDdk0rYgT8Gmr8Bx70s2IsKEQJm42Of0QSg22w/HITnmIxBiDEVVClHAAZBXZAdDzzHlQHZ9cDBHokccN8GgGKQFxUiJM9bO7T6MJMBmJ0BIPolALmwb6O1huM66A8G6NsD2I4Nx3WhZSe2mAThXFXKXR/kJed5L0DQf3fuEwNZfgAAIABJREFU218B+LxALypSjZnhuC5sx0Hf9scHx3WgdSQb9PNgvCaKG+2GTB1H6jbbj4Gi6wEshHUPZsbAtuF5u3/KUErBsixkLAtKxWFFRMSd7jtfZscLbI05c3ABNGfPPdYa7pH14C7oel9i23lScBcUaaVZw/M8uJ4HzbsP9JaykM/mQERhhtMF0WXVeq0d5k12YyQB6DbbCoq+AOCKsO6htUbfHoD1+H8/UoSMlZFkQOyl43UHfTAHsstclXKwSvkgLpUY3sYAeiOg9X/me7k3yEOq/YldaK3hag/eHoP+dkQKhVwOikIdD64D0dOq9VrkdQEiTwC6zTaB6B9A+PEw79Pr92eaxvGTAQsZKyPJwDgIAJGfLROd/N9q23/T8Ae2J9bM/hl5ZkAzwAx2Ndjzgj8nPivmW7zu4EIEsYxG5M8ChPtJIzaY2f/0H8x7j+be4JbYVfsjAmUt/x+lAEUgNXwtKDr5+czD/9H80HN/t//P7H+okeXLPWmt4XoeXO2BJxj0t1OkUMyH3UGa/h6EV1TrtUh/sZEmAN1mOwuiD4DwP8K8j+u6GNjB7S7eTAYsKwMr7cnAcIA+MZArAtHm17f9GRGgEMnA5ScC2t845upYvAGy412r+85Tg7iWVS5AFbJBXCr2dN+B1+0Hci22nc/D9Ywfp4IiUDYDlbVAuQwoY52a4AZpe6KsGdD65ARBb/v/m9+fYp4eTu9rN9Bqm/lsDhkrE9j1dkb/CsKLq/VaZBuDIksAus32ChS9C8BFYd9ro9+baOp/EkR0Ys+AZRkv5LQnstTwE/iWT9+0+d848Wcn/jsh2GOw5ycD7ITbR34ET2/Yt7Gnl2a9EFkKmQOhbYeJFffoejBn/z19Mw/si2CiopoiqFzGH+yzGVAmOR8M9kwQNPufmD1OxCkVT/vr+Z7ngUOaKiRSKIU+CwAAaIHo56v12mejuFnoCUC32b4ERG8B4QUINyc+Yb23Ec2UMeHEnoFYJQOKoApZ/40pQYP6tJgBtl3ogWPiE869XndQBPP+WS9k7S9C5cL+lGGWtl14x3qzX4hxjHv9DQCRHqMiS0GV8lDFXETvZoYxD2dsBv4MQ0xEMehvt1AoRXIfAAzQB0F4S7Vea4V5o9ASgG6z/TQQ/ToI34cIjxsyMzZ6AbzBTIpwYpkgYzIZUASrXPDXG+eQdjxw3wmrteyOWPOqXh/UZr0OZS1kKpG9yRjhdjYCOfvP/cGXoaOr9kdZyx/452SZZjvWDPfB40aXELzher7reTCxKaiUL0a9T0cD+ASIfq9ar30hjBsEngB0m+2roOhNMFTmULNGrxfM+uK0lFLI5bKwVPSJgFUuJGo6MizsauiBE3ShmV3pgdtk212e9TqZaslfP04hdj24axuzX8dxvwDHfUoAIe2JchlYC3lQymdmxsGOB/doN/Kx19MatmNPtHs/DMV8EcrclOo1IPr9ar32b0FeNJAEwN/Zjx8D0RsBPH72sGYT5h6ASWSzWeSy0X1iUMUcVF7eqLZiT0MPXHD4dfd7en1wL2s+d5aLqEIWVjmStcbIed0+dH/G/U2a7+T+4CyEXO1PFXJQC7nUJmPT0hsDeMej+4Bluw4c13yxLCJCKR+LApPXg+iPALwviBMDMyUA3WY7B8JPDyv6xaYC18C24brxaLSSz+cjWxKw9hVB1nxO/e+FPQ29YYe7NMD4htftnw1g+kP9BGQOlFO3hMOag/j0OOCNwd0Anx9QWKegjAWrUpSBfxfsan8pIAKu52HgBFZ5eyYZK4N8NvSitZNog+h/A/jbar029ZG3qRKAbrO9D0SvBeHnEPEmnHFordEb9ONxdpyAUiGataNMNd3rx0HQfWf2T6EjsKev0xv2lbNcI42FgYIo/MN9+1poHcixy1MQoBYKsBbS9biHwbmvE/p7KzNjY9BHXN7Ei/l82MWApvUdEL0DwDur9drEmdlECUC32T4Iol8D4ZUAKpPeLEqu52EwiEf2mM/lkMmEOzVPloK1L51Tx0Fjj6E3BqHNBui+8xV2vMunvoAiZA6kpzAQM8M9uj7bBjLX+zLbTiib/vxP/SXZOzMm98Fu6McDXc/FwIlHt8x8NrpZ3BmsAfRuEP6wWq8dHfeHxn7Gdw+3fwaKbgfh9Yj54A/4O/LzuXgc1XF1+BvRTPV0SCKyCNa+Qmgbu1Qhez6I7p36AprBg3gsYQWBB+5sgz/zvWw7i8FF9BBVyCJzsCyD/wSi2F/lRXiKZzcEGhYAiv3gDwBVgH8FzLevHVp95bg/tOcMQLfZvhSK3g1g5h3OJvjdnhw4rmtsNokUoVQIfwOJta/gF/4RY9MDN/ie9ADA3PK6g4sw5RHYNBUGmrHwj+beoAXmxwUZE+C/XlTKllrCxq4H98Fu6PfpDfoGd/0TslYG2UwmybNw14LoVdV67cZR3zTyzal7uP2LUPRFJHTwB/zdm7lsDgvFkr8hL+wSnTuI6uhImGvbaaXyGVjlPAKvmES0pArZ66b9cfY0dPgnF0KnbXempRa2nWsDH/yHSywy+E9Od6NZVo1+4KXhRr88FgpF5LLZJA/+APBUMH957dDqz436pl1nALqH268F0dsQi0n04G22g3S98GcGMpmMvxwRAWshD8omYsoqVthjeOv9oAudeHrDvp09ffE0P0y5DDL7Y3H0aGrusd70RzA93eKBfSECLPVLloJVXZAp/ynogQtvLcAWziMMHNt/bw4RYUtZdwM1WyLCIHpNtV57x05/uOOroHv4jtenefAHAGu4R2ChWEIhn0cmxOkeK8JpeW/DjkUNhKQha1hBMdjflaVKuQMgTHVuimf89Gwae3r6wZ9xnAf2AQQ5+GcsWAdl8J8GexresdmLOI0rrKZrNPykX8jlUSoUkc/m0jz4AwCB+U/XDq2+dqc/POVR7h5uvwqEP0aKB//tNpOBUrGIQqGAbDYT2Dlsv5NghMV5mKHX43H6IWlIEVTwlRQfpkr5r037w6HsT4jILLHzwL4NwMODioVyGb/lctq7eYaBAW9tI9IywBkrAwro2B0RIWtlUcgV5mXQ347A/La1Q6s/dcofbF0C6Dbb50DRTQD2RRldXPn9pF24njfdp2oCCrm8kUZBlMvAKsWqcEWieOuDQMsIT10qOKGFgWYp/BN0qV+Vz8KqlOboI02wvGM9I4mopz30bRvTPImIFDLKn95XkvRtOgaiS6r12l2bXzj5kSH6K8jgf4JSCrlsDqVCEcVCAdlsdvw3YoODPzDsjpeCTWSmWAv5QMsqq3zmCaTomxP/IAO6n7xZAN23p9tbo/mbcNzLgopDlXKwqjL4T0v3bGOzUJayUMjlMO4vT5FCNpNFMVdAKV9ALpuVwf9k+8H87q1fOPHodA+3Xzrs3Cd24CcDWT8ZKPrJwI5PLvI3/ZUKReMtgkMvfZtyqpgLsvtbUZXyHoCJ301130lUnQcetpCdgs1920VAdf6tcgHWvmRvojSJHQ/ecQOdVbewlIVSvjBcRj01EVCkkMtkUcwXUMwXkMvIoL+H560dWn3x5n8QM/vNfBTdBeBsg4ElEjNDM4OZoYhi9+SjjEptc5moaNuduYztJnb1dbo3ealgq1xITCtav3/85A1jeGBfCy+YUr/W/iJUUZbAZuEe6UbWTXNcWmtoZhARFFHSj+qZcheIzqnWa+yPVoSrIIP/VIgIllKxXWtiV8sswIzUsCVsENPIlFHLlLVWJ/25JC0DTBWr630Fnp593Z8IVnVBBv8ZsePFbvAH/JlY/9ieksF/eo8E8FzgxBIAvdxgMCJkOkVlZU2hrOXPpMz+pkOqkD0PRPdN8kPsamgn/r9H7bhgd8KEk/k+tp3zMGuKtVngR1pizyzJp0/EGBgvBwA6ft3XK1B0DwCZJ04pylrS5SwgrNmf3p71SBTzzV53sIQJBr0kFAaaovAPc29wE5gfP8t9yVKwDixIKeyAuGsb4IFUFk2xHojOViD8MGTwTzeZKgsMqYAKBhFdMmmp4LgXBpqm8M+w1O9sg3/GgnWwLIN/gJJ27FRMrAjgBxVAS6YjEeGSF3OwHioYNNspD8paTyZL3TrJz8R5anbi2Dx9C1xvpj4jDxX4ked4oCSZSj/GJQpAKG02RUwQgfLJ2D2eJESAVc7P2lI4o0q5Cghjt1fTAyeWpZ5ZM/QkU8aMLg/sCoCpH0BVyCJTXZAZrhBYxRwgSVXK8WMVCOeZDkOERxWz8v4YIquUg5otwXq4KuVvG/u7OZ5dH3XfmajwDw/sWzDDySNVykt1vzANl7pEqj1GATjHdBQiBIqgSnmo2T6hijGoYnamY2ek6ImUyzTH/X7dt2NVGMgv/DPB9L/jXgetnzzt/ax9BVj7ZHAKmyrmYFVK0j8hvc5TCL0ZrogSWQqqkIW1rwiVm6uGF0apfGam/vIqn3kCxi0VrHn6LnshYNsd/1SE5m+y41467b2sSmmmx1lMRhWyyJxe9je+zrjnRcSOzgA4BqBqOhIxJSJQRoGyFihjyWYog1TOAqkCvPUBMPkn9KJVyntet28D2HM6QffsWZceAjPB5j+b+7aDaUr9EiFTLc2650JMgwhqIQ+1kAdrDR644MGw10iMZqLExNY2EwCRJET+YJPNSG/zmPFLL+fhdadIAgjnq2JurFLBm4WBVNbsgDhJ4R8e2F8CePJSv8MCP/IJ1DxSClTMAcUcLAbYcaEHDnTPkWQgedYUJAFIFMpnTtQ5l8E/nshSsPYVppqNGZYKvn6c79U985sBx47B9VanKfVLlkLmYFkG/ziiYdvxfUVkz9gn5ZeT56gCo206CjEeVcjCKuZkV38CkCKofVMVDCJVyJ4Lovv3+kbThYHGLvzDfD/bzrmYcM8+ZaXAT2IQ+R9M5ORAgtDXFcBXmw5DjEFRYrrBCR/RsGBQduJPr1VrIXcvxtiga7Iw0Jj3Zu7b9wA4MMm1KZ/xp/1lT0uiWKW8JGxJQbhagXE1gMl7d4pIxWXDl5gMEWAtTFEwiOhx45QK1gPHyJFA5vEK/0xT6lcVc1LgJ6kIckojGXoAPqHKy4sbYHzedDRiNOlwlmxWKTfxDM6wVPDoIkGGCgONVfhH61snLfWrFvKwYt7wSIymijlJ3uLvmmq91hvO1fCHzMYiRPqpwsQFgzKqlNu3V6lg3bPBEZbzYPDe0/+MLvftfZig1K+1ryjV59JAxv74I/oQAPgJAOOvAHzdZDxCzAOVz0BN1pr5bFXKj24YpBk8iK4wEA/2LvwzLPX7iLEuSJsFfmQXeWrIkcA4ux3A3wDDBKC8vOiC+Q1GQxIjxan0q5iNylr+J90xp0lJ0ZP2KhUc5ZHAPe81SalfImSqC7LBNUXi2KxKbEH0hmq95gGbMwAAylcsfgSMzxoLSozEjmc6BBGgzYJB43ZcU/nM46Hov3f7c3Y96AieI9rxwO6I+2j+b3bcJ4x1MaX8Vr5S3S9VeJKukCJqn67Wax/b/I+Tz2swvxaA/PZiSPfN7PYW4SFL+TXWxzs2VbJKeRsjXp9RHAnc4x4O9+0+gNJe16HMcPCXAj+pwpqh1wemwxA7c0D0uq1fOOmdp7y8eAMY/yvamMRYNEN3B7K0ljKkhrUCxqnqSFhUxdyXd/vjsAsD7VX4hwf2FwF+7F7XoawF64AU+EkdZnhr60aLU4kRiN5crddu3PqlU1+BzG8F4z8jC0qMjT0N3e3LGlvKEAFqYbyCQZRRy5TZvVTwRG15JzTy2t54pX4pn0XmQFkK/KQMexrukXVZqoyvzwD4g+1fpJ2mlbvN9sOh6KsATo8gMDEpIr+4jPQCSB1vwx6nvO5RrzvwwHzq65PIn1oP+Bw2M8M9sr7z7m7mB7g3UAAOjrqGKubkjH8KsePBXVsfvyW0iNr9IHpCtV67Z/sf7DiClJcXvwPmV2KMUqTCAGZ43T60Ldl22oxZMOiAVcp9Bzu9PplDKQzkF/7Z8e2AuW9/G3sN/gsFGfxTSPcduEe7MvjHF4PoFTsN/sAuCQAAlK9Y/CgYfxleXGJWemNgpAqcCJcqZPc+E6/o8buVCuaACwMxGLzL5r9hqd+Ru/6t/UX/xINIFa/bh9fZkI+JsUbvrNZrH9/tT0fPIfunAm4c+T3CKN134K3L5sC0UbkMrIX8yKpqlLWeRJa6ffvXOeDCQDxwd953ovVtcL0rdg+QYFVL0iY2bRjwOhuy2z/+bgDhl0d9w8gEoLy8aEPziwCsBxqWCBQ7nmwOTCHKWrAWRhYMyqpSbgF06uszyMJAO16Lsc59ewHAzusVipA5sCBNrFKGNcM92pWZx/hbB9GLqvXayF3Be+4iKy8v3gLm1wcXlwgDexpety9HcFLGLxhUGFUw6BGqmL9l+xeDKgy0W+EfHtg3A3jkTj9DlvJ3+k/eBlnEGLsevAe7stM/CYheW63XRjcSwxgJAACUr1h8NxjSMCju9HBzoLxAU4UsGlkwiCx6EuUyh7d/PYjCQDtew3Gb0HrHqX/KWLAOLsgJlZTRA8c/5qflA0b80Qer9drfjPOd479KmX8SwLemDUlEhAG9LpsD0+ahgkE7f6pW+cwlUHTX1q/NWhhox8I/mu9ix33cjjHmMv4RRCWDf5ro9QG8tQ1p8JMM3wThleN+89iv1PLy4jFo/jEA0bUdE1PTfQfeRvilYUV0iACrnN9tan3BKuX72FYqeJZEcIefdbhvbwBY2P4HqpBFprogfeDThAGv04PX7ZuORIzHBdFLqvXasXF/YKJUvby8+Dkwfm/yuIQJbLv+vgDJ3FPFWshD5XdooEN4zPZSwdP2kOAd6gnwwPkiwBds/15VysGqlKQPfIr4m/3WQ60sKYJGv1Ot166d5Ccmn6tj/m0A10z8c8IIdjW8432wJ0lAmqjizgWDhqWCbzjxBWbwFLMAvL3wj+ddD887pdSvVS7A2icFftKEXQ3vSBfsyGRvgvwnCG+d9Id2LAW8l26z/QgougHAaRP/sDCDCFYpJzuzU0bbLvSpSz1HvO6AwXwaAJBS/sa8Ma/JALytG76YH+TeANj2erf2F+WMf8rogTss7iMfGBLkARBdWq3Xvj3pD061W6e8vHg3mH8KUgMqOZjhrQ+gAywQI8zbpWDQQauU+zaGr0/WeqIe7Txwtu72Zu7bd2Hr4E8Eq7ogg3/K6A0b3tou/R5EXDGIXjnN4A9MmQAAQPmKxQ+D8dfT/rwwQ/dseBH0jRfRoazl1wrYugFP0eNV/qFSwZMUBtr6vcNSv5duue6wwM8OexBEYnnHevCO90yHISZGf1Gt1z467U/Pdl6H+dUAbp7pGiJyPHDhdaV8cJqQpWDtO7lgEOUeKhXM7s4FfbY76fu2lfolSyFzUAr8pAoPN/vJh4IkuhGEX5rlAjMlAOXlxcGwVPDGLNcR0WPXgz4u5YPThBTB2ndSwaCTSgWP8ya/5XtOKvXrF/gp71qMSCQPexruke447adF/GyA6Eer9dpMDRlmfjWXlxdvBvMbZ72OiB7r4QkBV6p7pQXRKQWDHqGK+Rbgb/AaVcmNtT6xR4T7D5X6fajAj5zzSwu2XX/wl9d+MhG9vlqvtWa+TFBnxLuH7/goCN8fyMVE5FQpB5WTdd008TbsE5/u9MA9zLZ7hSrm/E2DO33/+sCfAXC8JjvOMuAX+LH2yxn/NNE9G94xWe9PsA9Xr7r8BUFcKLj5POaXAbhrr28T8aQ37EA7yAnzrFLuRDe+zVLBuxUGOlH4h/kudpzHAYAq5aXAT8p4x/sy+Cfbt0D08qAuFlgCUF5ePArNL4WUCk4sPXDgrcvmwDRRxezmcb0Fq5TvgdndqTDQsPCPy317HcCCta/gbyoU6cAMd20demOmJWNhlguiH6vWa2tBXTDQHT3l5cX/BOMPg7ymiBY7HnRXNgemicpnoEp5gPBYVcx9Ufedkwp4MIYlgwdOE+ALrUrJ/36RCv5mv3Ww1ABJOPrdar32uSCvGPyWXubfBDBRPWIRL+zJ5sC0UTm/VgBlrWUQfXXrzm+2XbDt3ACtn5KpLuxYYlgkEzvecLOftAhPuGtAeEvQFw1sE+BW3Wb7HCi6HsCBwC8uIiWbA9OFPQ1vfXBE9xxk9hcPAoC7tn5Ed/ucOVA6bbd2wyJ5dM/2i/vIZF7SHRmW+g18j10oh3rLy4vfAvPPhHFtES29Yfu7yeVNJBXIUrDKhYNWIfvtzaI/3LPvzhxckME/LXhY2e+YDP6pQPRTYQz+QEgzAJu6h+/4GxBeEdoNRGTIUlALeTkLnhLMDN0dXO91e6zy2Zr8XtOBPQ1vbUOm/FOD3l29qvaqsK4eblkv5p8HcGuo9xCR2NwXoKVqWOIw+/3d2dXQtgc9cFmv9e7UPTujclnoDbut1wes+46/H8DT0hAmgXTPhvugrPenSAuE14R5g1BnAACg22w/AYquAyBNw1OCMgqqmJOysDHAmgHN/tn+7f+f2f9z/zWuue98TW8MjkNh0SoXD0BroJADKQVvffAA9+3b2XEr8PRFACwQgSwClAIpBVjk/1uR/7tXw/+WyQOj2PXgHeuBHRn4U6QHoiuq9dpNYd4k9AQAALqH268G0Z+GfiMRKZXPggrZk5rQiWDsNKCfGMz1SQP7KC737dv1ht1jx10kS1XVvsKJ4kB6fQAU8rBKfltfbbvQ6wOwpx+E1rez45XheRcDGL0LdDMR2EwQLOUvFSm1JYGQJ0ngmOF1B3K2P42IfqFar70r9NtEkQAAQPfwHR8H4apIbiaiQwSVz4ByGXmTHwMztn061ycN6Juf6Gdgc8++TW8MHHa9xwLYByJYC/nNWgAnuGsboGIemf0PTc5tVgTUG/ZmgtGB5lvYdfNwvSUAUxcIOGnWYDNJ2J4sSDa5J/Y0dM/2yzZLvY40+lj1qst/IIobRZcANNsHoehGAGdHckMROcpa/qxAZj6XBkZOx2sGsw5nV7ZGT/fs27k3YPa8C7FluU0Vc35zoB2SM+f+Y6BSAdmD5R3+Lhp63YYenFQ1cB2ab2LXzQyTgeCX9U5adthMEGTZAfDrNeiNU34nIl3uAtETqvXa0ShuFlkCAADdZvuZUPQfAOS8UYqRpfwZgVwmFR/oApqOD5bmDd0b3K57NsHTFwI4qW4vZS1Y+4qg7M4vNfY03AeOg0qFYae/nZM2dj143cFOG8t6YL6JHQ/w3CUwFgL4W41v+7LDiQQhZcsOzNA9B7o3kMJc6eeB6FnVeu0/o7phpAkAAHQP3/H7ILwp0psKM4igcpafCMRww+DJ0/H65Kn5rZ/e40LrY3rD/rru2VlofRGAU0v2KQVrX2HPan6678DrbIBKfs3/zX0Bu37/sE/ELo+HDeYb2fVcuN5FYK6M/5cK18nLDpvJwpYkIabLDux6w2l+R05kzA16a/Wq2m9GesfIE4BmW0HRtQCWI72xMIv8T2iUGa7/WuF+Qhs9Ha/9/5+E91Wtj3rr9h3ct4vQ+kLsNntGw+59C/mxBjTveB96YwAqFTCqRfBWzOxPQfftUY+dC+ab4Oo+u+4FYD6454VNIzp5P8JJ+xLCX3ZgT4OdYVGm4b9jlXiKKFwLoqdX67VIp3kiTwAAoNtsPxqKbgAQm08KwoDtScHmmyzRjmPYiUF729S78en4oHn6AW998E0eOAvQ+gLsUa9D5bNQ+woTzbK4R9bBjgsqFUBZC5lKaeyfHZYTBu9dE0KD+WZ4usuO+xgwnzH2TeJI7XAMcnPZQRGgaPjcpVOTBeYTM04nKjDKYC98a8N1//+O+sZGEgAA6B5u/yiI/tnIzUUybGYBSR/Qx+Hqe7yN/l3cdypgfgzG+LxJGQvWvgJoil4Nzn3HAGZQqQAQkDmtDJrwI652XOjuwC8ctDcG4xZ43ho77nlgfvjEQSfJMJE9kbAKsRuiH6nWax80cmtTCQAAdA/f8fcgvMxYAEIYxK73bb0+uJsHzulgPm/sH1QEa6EANTy/P8V94T7YBQA/AQCQqZYwTS8ABsA9v1/EhAPd7XC9+9l1z4HmR018YyFSgf62elXtlabubrbNG/PPguipAC4wGocQEWHH/ZZet+/lgXMmwI/GhMdiVSkHtbDzsb7xYzi1Yhy7eqoEgABQMQcqZKHXB9D9sY+oXYCMdcHwnm14+h523LOh9fiJkBDJdisIv2AyAKMzAADQbbYvg6IvYNsxJiHSgm33Dr0xeJAHztkAHjHNNSiX8af7A+jY5x3r+UVk8NAMgCpkYZVnfwmy6/n7A6YvS/tNePoudtwzofVjZw5IiHjqgejKar32VZNBGE8AAKB7uP06EL3NdBxCBITZdr+uu/0OO+6jAJw17YXIUlBjHNObhPvg8RNnyjcTALIUMgeCO8q/pazwLJe5G1rfyY57Ojx9Aeay/I9IJaLXVOu1PzMeRhwSAADoHr7jEyA813QcQkzpRLMddtxzAZw+09V2Kd87M2Z/A+DmbUoPferPnFb2d7AHdqvNIjYT7w/Yyb3Qun1SsyIhkunq6lWXP990EIDpPQBbMf9PEN0IIN27g0WanNRsB8CFQVxUFYbH+napzjeLUVPz7HqgbHBvCUQEq5SDKmR2Kis8qbOg1FmUzwHAZM2KhIiPb4PoJ0wHsSk2MwAA0G22nw1F/449zj0LYZDNPft2vTGw2fUeA2B/UBfeq3xvEPT6AF63/9A9t8wAqNJDnQHDwM5wf0Cw/erXoPlWdt3CsD9BeH8BIWbjgeh7q/Vaw3Qgm2KVAABA9/AdfwTCG0zHIcQJjL7esG8bNtu5AMD4VXPGoQhW2a/IFzZ3bQO85ZP41gSAcpmTOgOGRfcdeBu7lhWeRReabw61WZEQU6Pfr15V+zXTUWwVvwTALxV8HYAnm45FzDG/2c7XdM/GTs12AjFh+d4gOPcfO2ng3ZoAQNGOnQHDcKKs8PA0Qgg2mxURPPfiyJsVCXGyJoieGnWp373ELgEAgG6J60m8AAAgAElEQVSzfR4UrUJKBYsojdNsJyCUz/rH+iJskrTZAfCkOEon5zWjOgOGFdOYZYVnEdtmRWIurIGoVq3X7jQdyHaxTAAAoHu4/WMgeq/pOETKPdRspzAc9EPdXU4Z5a/zT1G+d1abHQBPimdbAjBOZ8AwBHRscBzJa1Ykko3oxdV67X2mw9hJbBMAAOgevuMfQfifpuMQKaP1A153cCcPnPI4zXYCQcN1/hA32e1lswPgVtsTgHE7A4aBweCeM01Z4Wmlq1mRiCH6h+pVtZ80HcVu4n18hvlVILoSgFQEE7M5tdnObOf0J6CKOajybOV7gzBOdb6Ad+hPhEB+WeF8FnpjorLC01IgejwyFihjMRituWlWJKJwGwg/ZzqIUWI9AwAA3Wb7cii6FoCZjyUisbY02zkNzOdHff8gy/cGYbMD4FbbZwCm7QwYhgDKCs/iNrjeA9KsSEypD6KnVOu1600HMkrsEwAA6B5uvxpEf2o6DhF/OzTbiRxZCqpcgCpEv5a+m60dALc6JQHA9J0Bw6IHDvS6DdbGNlBvNit6BLQ+11QQIkGIfqFar73LdBh7SUQCAADdw3e8K+7TKcKMIJrtBIIIaiEPK+jyvQHQPRvesd4pX98pAbBilrwAm2WFh8cGzb5lSbMisQf6s+pVtdeYjmIc8d4DsBXzLwB0LgjPMx2KMM5vtrPe77DtPgrA+cN/jFGFrL/OH+GxvklMMo3u7wOIVwLglxXOQ222HR6EemxwlEfDUo8mKwcAd8PTd7IrzYrECR8H4bWmgxhXYmYAAKDbbJeg6PMALjMdi4ic5oHzNb0eULOdgFDGgrU/3PK9QdjaAXCrnWYAgu4MGAbteNDr/R3/ToZIsyLxFRB9V7VeO3WqLaYSlQAAQLfZfjgUHQbwSNOxiNBtb7ZTNR3QCRGW753Ztg6AW+2UAADBdwYMAwPg8MoKz0KaFc2fb4FouVqv3WM6kEkkLgEAgG6zfSkU/RcCbMQiYiO0ZjtBUaU8rHJ05XtnxbYL9+j6jn+2WwJgVYpQAXYGDFMEZYVnIc2K0q8DoqdX67UbTQcyqUQmAADQbbafB0UfQdwWK8Xkwm62ExDKZ/wqfjFd59/N9g6AW+2WAITdGTAMEZUVnoU0K0ofB0TPr9Zr/246kGkkNgEAgO7h9s+BKPZHLcQOomi2ExDKKKhyESqfjE/E223vALjVbglAVJ0BwxBhWeFZSLOiNCB6VbVee7fpMKaV6AQAALqH2z8PordDZgLiz2+209Z9OzMc9OP9EZMIVjkPVYzfsb5JbO8AuNVuCUCUnQHDYKCs8CwGYL6JXc+D610ozYoSwQHRq6v12l+aDmQWiU8AAKDbbD8Hit4H6R4YP1qveet2O6pmO0GJS/neWe3UAXCrXRMARN8ZMAysOaqywkHZ2qzoQjAfMB2QOMUaiF5Urdc+aTqQWaUiAQCAbrN9CRQdAmCk+pvYwkSznYBQNgNrf3zK985qpw6AW41KAEx1BgyD4bLC09JgvgmeXpdmRbFxJ4jq1XqtZTqQIKQmAQCAbrN9BhRdDeAK07HMnVOb7STqo3Mcy/cGYacOgFuNSgBMdgYMi19WeACO17HBcTAYt0izIqOuG274e8B0IEFJVQIAAN1mOw+i94LwQ6ZjSTvTzXYCQQRVysFaKCQsZRmPe2Qd7Oy+K35UAkBZC5lKLA9kzCRGZYVnIc2KIkXvB+EnqvXa7tl0AqUuAdjUPXzH74HwJqTybd2cODTbCUrcy/cGYacOgFuNSgDi1BkwDKy16bLCQfk6PH2vNCsKBQP01upVtd8yHUgYUpsAAED3cPslwy6CsSgbm1Rsu9/QG4MHjDfbCQhlLL9Nby6Zx/rGtVsHwK1GJgCIX2fAMMSwrPAsNpsVnQWtH2M6mIS7b7jT//2mAwlLqhMAAOg22wdA9CcgvAwJ2oxm2PZmO2eZDigQSSrfG4DdOgButVcCEMfOgGGIcVnhWUizoul4AP0dCG+s1mtrpoMJU+oTgE3dZnsZiv4CQM10LDEVy2Y7QUla+d4geMd6e5bH3SsBUIUsrHJsazQFLuZlhWchzYrGszos7nPYdCBRmJsEAAC6zTaB8Isgegvi1FjGnPg22wkI5YblezPzN/mzWwfArfZKAJLQGTAMCSgrPAtpVnSqNRD9FoB3Vuu1uRkU5yoB2NRtts8A0dtBeDHmb1kg9s12AqEI1r7iXExf72hEB8Ct9koAgGR0BgyLHjjw1lO1LLDdvDcrYoD+GYTXVeu1+0wHE7W5TAA2dZvt7wHRm0H4HqQ5EXio2Y5mz7sQMW22ExRVyELtKya+it8sRnUA3GqcBCBJnQHDwJqh1/tpOC2wl3lqVsQAPgui36nWa581HYwpc50AbOo22xeA6DXDGYF0lN48udnOBUj3i9mnCNb+UmKb9gRpVAfArcZJAJLYGTAM2nb9xzS9swFbbYD55hQ2K1oD6L0gvKNar91uOhjTJAHYottsF0B4GYh+BsBlpuOZWNKa7QSIshasainxteuDMqoD4FbjJABJ7gwYNNYa3rE+2E1USeFZpaFZ0SqI/hLAP1brtb0z4zkhCcAuus32lSB6NQg/iBi3qk1qs50gqWIO1r6iHHLaYlQHwK3GSQCS3hkwaMwM3R1Aj5FgpVCSmhX1APrQ8NN+03QwcSQJwB66zfZBEJ4P0PeAcCWAC2F2v8BxML6i1/trumefD60vMRyPUda+IpRMT59krw6AW42VACAdnQGDpnu2v0Fwfmkwr7LrteG4pwN4EsxuKvYA3ArQtSD8F4BD1XrtqMF4Yk8SgAn5hYXwTICeAcJTADwB4U613wvGYQDXcM9ued3e08H8MqSlOM8MrP3FuSnqM4m9OgBuNW4CkKbOgEHSfWesvRZz4G4Af822cx08fQmYnw7gSgAPC/GeNoDrAfr8cMD/bNoL9wRNEoAZdZvtAoCng+gp8AflMwCcDsJpAE6Dv6lwt133HoAOgKMAjoJxBMARAA8CfBMYnyovL3597dDq94H55wE8F3JmF8CwQl3KOtUFZa8OgFuNmwCksTNgULwNe+zHew44AD4C4M8rK0ufXTu0ughgBYxLAJwO8EE89L54EH7tkd2WLTcAPAjgAf/f9ACA+0C4F0ATwOdlPX82kgBEoNtsL8DPhB8GIAvgXgD3AThSXl7c8Rewdmi1CuCVYP5p/P/t3XmwZGd53/Hve7r79h3NQLciCZSqUDaRHKLGxLQcS2ZxRBoIFC1whDBVKGUTysViKV6SihI7iNimDAleoEKxKJgiZi0hCGJRi0iQZnNAAol2UFWDjCUNVlwSEpK6Z+Yu3X3OefPHuaOZuWsv5/R7lt+n6lZpmdv96KrvOc953+d9HviZZcWaBd5ZVUpPSm9ZhmsHTQA83bQJQF4nA8YlWBvlsXvgovrA+4CP1lqNXZtSDDo9Q5QMnAc8BfCJro8P1dvN6ZaxZG5KAFJm0Ol5wG9j7R+Q1yY9C/AOrVBSRfq+DpoAeLppE4C8TwaMQ3Bik3CzkIWBBxkAvwd8oNZq5GLiUl6oqidFBp3eJVh7J9a+E938dzDVim7+B7B+MPXNf7YXBvIxLS8x3pH8T5icUx14P/DNYbefvePVOaYVgBQYdHpPxvIOsK+ngMf4pmFWypTrh3XU7wDTTAA83dQrABRnMuAirLUExzawk0L1CZhFALwb+M+1VmP/WdWSOK0AODbo9K7C2nvAvgnd/HdlyiXK9bN0859CkjeegjW/mYsxhtKTizl8akol4N8C3x92+690HUzRaQXAkUGndyHWXg+80HUsqWZMtPdc0gV1GtNMADzdLCsARZ0MOA8bhviPryezHZMvHeDf1FqNo64DKSJdVR0YdHq/jrV3o5v/gUqHq7r5T8vamW7+M798EKIHhukYz1ODqum0gf6w27/KdSBFpCvrkg1u7r0daz9ImtsLp4Qpe3hn6ez5tJax76xtgOl5hypKXqdzCPj4sNt/i+tAikZbAEsy6PRWsHwU7Ktdx5IV5bMPq6p6BtNOADzdLFsAoMmAswonPsFw+qJM4cPA62uths5TLoHS0yUYdHrnYO1XdPOfnrda0c1/RqFWAFLHq5Q1nno2rwVuHXb7aR4ylBtKABI26PR+BmvvAJ7rOpbMMAbvSTrvP6tpu/8t9B5KAGbmHa6C0RGWGfxzop4BT3cdSN4pAUjQoNO7DGtvBy5wHUuWlI6sYjxdMGdhg3Cq8b8LCy02VEOgWRjP07bJ7P4xcMew2/9F14HkmRKAhAw6vVdj7a1EAy9kSqZcUvX0HJbZeEZNbmZnDq2oN8DszgO+Muz2X+E6kLzSJzIBg07v+Vj7YUAl7DPSkJ/5LDUBUEvgmRnAO6zP9hxWgRuG3f4lrgPJIyUAMRt0ehdg7U3omN/MTKWkwr85LTcB0ArAPLxKCVNWs885HAI+P+z2f8p1IHmjBCBGg06vjrUd4FzXsWSRd0gLJvNa5k3Z+gEWHR+eh3dIsxTm9FTg5mG3ryFpMVICEJNBp1faevJ/hutYMskzGjQzp8QmAO75hmgy4JzMShlU4DqvnwU+Oez2tYwSEyUAcbH8OfAC12FklXdoRcN+5uSiKE91APMxxuBVlegu4KVE0wQlBkoAYjDo9H4X7Otcx5Fl3iFV/s/LTQKgOoB5aaVrYVcPu/3fdh1EHigBWNCg03sV1r7NdRxZZsqeeqYvYBkNgHa+pxKAeZmSPu8xeOew27/cdRBZp0/hAgad3vlbg330c1yA0ZLo/BKeALjn22oy4EJ02mVhHvCRYbd/nutAskw3rkVY3g3UXIeRddoTnZ/LJ3FtA8xPCUAszgb+1HUQWaYEYE6DTu9fgP0V13FknmcwFRX1zstpAjBRIeC8TKWk0wDx+LVht3+Z6yCySgnAHKLRvva9ruPIA09PQgtZxgTAvWgFYH6GqDGQxOL9w25fy4hzUAIwD8t1wIWuw8gDLYUuxkUB4BPvrQRgIaaiz35MLgL+vesgskgJwIwGnd6FYK91HUdeKAGY39ImAO5FkwEXoq2vWL1l2O3/tOsgskYJwKysvR71+Y+HZ3QcagFpOIqXhhiyypQ81QHE5xDwHtdBZI2uvjMYdHqvAV7oOo680P7/YtJw81VHwMWoDiBW7WG3f4XrILJECcCUBp2eh7XvcB1Hnmj5fzHpSADcx5BlqgOI3Z8Nu33d16akH9T0rgSe5jqIPNHFbzFpuPlqMuBiVAcQu6cDbddBZIUSgGlZe43rEHLFM5iyPn7zWvoEwD0DQZMBF6A6gERc7TqArNAVeAqDTu8i4J+5jiNPtP+/GDt2//R/UhpWIrJMdQCxe8mw29cx7SkoAZiG5TfRsNpYaf9/MXbs7vz/dmGKkpEs0lZY7AzwG66DyAIlAAcYdHpngb3KdRx5o4veYkKHDYC2s5NAVQALUB1AIl437PYPuQ4i7ZQAHOx1aOBPvLT/vxA7Cdw2ANrOWtA2wNxUB5CIs4HXuA4i7XQVPoi1b3IdQt5o/38xaVr+P0nbAItRHUAiVLh9ACUA+xh0epcBP+s6jrzR8v9iwtHEdQg7uJxJkAfaBkjExcNu/1LXQaSZEoD9WP616xDySAWA87NBmIoGQNvZSRDNJpC5KClOzGtdB5BmSgD2ZZ/vOoLc0f7/QsKNsesQ9pTGlYmsUB1AYl7gOoA005V4D4NO73w08jd22v9fjN1M703Wbk50GmABqgNIxEXDbv8810GklRKAvWnoTwK01Dk/O/ZTvcxuQ6tagAWoDiAxauK2ByUAe7Fc5jqEPNL+//yCtZHrEA4Urqd3iyLtlBwnRgnAHpQA7En7/7HT/v/cwpGfyuN/29lJQJiBONNIdQCJ0cPcHnQ13sWg0zsHeIbrOPJG+//zC09suA5hauHaSBMC56RtgEQ8a9jtn+06iDRSArC7FvrZxE5LnPMJ18fYDE3cs0GI3UhvsWKaeWUlAAnwAK3o7kI3ud1o/z8RZkUXt5mFlmBt03UUMwvWx9g0jCvOGK0AJEZ1ALtQArAr+zzXEeSOZzB6uplZsDZKV9//aVmrgsA5mHJJdQDJUAKwCyUAu/tp1wHkjafl/5nZICRcT3/l/17CjXGqjy2mlRLlRKinyy6UAGwz6PRKaPpf7HT8b3bB8ewt/W+XhaOLaaOGQIk4e9jt6we7jRKAnZ4KaA0uZtr/n40d+9gctNa1Y1/HAmekOoBEGOBc10GkjRKAnZ7iOoDc0f7/TGwQ4g/XXYcRm+D4prYCZmDKJTB6BkmAEoBtlADs9FTXAeSN9v+nZ0NL8PhaNgv/9mItwbENbJ7+mxKmVYBEaCbANkoAdtIKQMy0/z8lC8FgLZdPyzYICY5v6GjglFQHkAglANsoAdhJCUDMtP8/neDYOnYSuA4jMXYSEJ7IfmHjMmgFIBFKALZRArCd1T5RrLT/P5XgxCZhikf9xiUc+QQZPtq4LKoDSISu7dsoAdhJWWKMtP9/sHBjTFig43Lh+rgQyc6itAoQO13bt1ECsIPVhyRG2v/fnx37BMeyM+gnLsGJTcKJjgfuR3UAsdO1fRslADtVXQeQJ9r/35sd+/iD/Bz3m1VwTEnAfrQCELtV1wGkjRIASY7R/v9ewo0x/uNrUOSqeGsJhhvaDtiD6gAkaUoAJDGmpI/XboITm4Vc9t9LcGJThYF7MCUlAJIcbdBKcjTV7ExbDXH0xLtTuD6GIMQ7sorRU+8p+llIgpQASGKsn98z7bM6WeyXxyY/cQlHPtZfxzuyqgK4Lfq8SJK0RivJCS226INgbLTE7T+ezw5/cbNBSDBcJ1gbFb5rYDgJ8tUSWlJHKwCSqODYBuVznjTXfEUbhBCET/SQ96qVTM1ptJMgeurXSsjMwo0xduJTOrKaqUJSi8WOAsBGTbA8b65aGGutuiZK4pQASKJsEBKsbVI6Mt0JHBuEhJsT7OYY65/5xBx4Bu/QCqXDq+lOBKyNzrmvj11HkmnWD/EH63irFbzD1VTXBljsqQZH257aTcnDVMt41crUyUC4MdaKkSROCYAkLlwbnSrw2uUCaEOL3ZwQbo7374Uf2ui1QkvpyYcSjHh+4eaE4PgmhLp4xyXcnBCOfUqHV/Gq6bxkhSdGexZ32iDEro8J18eYcgmvWsZUK5hdimRtEEaJxEiFopK8dP42Se6EmxPCzQneoZWowYlnwA8Jx/7MdQLhxhhT9vDOSk/Ppiem3Y0KXvOQlNASHN8gHJUpHalivPSULwUb07c2tn5A4AewNsJUSphKGVP2onoZP9AJEVkqJQCyVOHGGGI4Ah+sjVOTAITrI4ITo2I39VkSO/bxH/fxzqriHapgUrAXFG7Mt9VjJ0Gupz9K+ikBkGwKQ2wQOm02pCI/R2y0rWRHE+dFgjYMVakvmaUEQDLLTgI3CYCK/FIhDUWCeoKXLFMCINnlYMk9KvLb0FNfipwqEqxGR0WXSR8DyTAlAJJdS3ziU5FfyoWW4Pgm4ShKBJa2MuS+BEFkbkoAJLuWdPEN10YEayryywI79vEnSywSTHFvApGDKAGQDEv24qsiv4w6vUjw8Gp07FREdlACIJmV2MOX3VpOnvN4l6SD9UP8YcJFgloBkAxTAiDZlcDFV0V++ZNkkaDu/5JlSgBE2CryO7ah6YV55apIUCTFlABIsdmtTn4q8iuEJ4oED1XxzkpHJ0ERV5QASGbZIFyowEtFfgW1lfTZ0QTvyCreIp8hTeyTDFMCIJllxz6szrGnG2518lORX6HZICQYrmMXKBK0YyWPkl1KACSzws1JdOGeYT9XRX6y3bxFgjYICcea3ifZpUoYyS5r8R9bm2oZ1gYh/uNrBMN13fxlp60iQX+4Pv3nabiuVsCSaUoAJNvCEP+xE3vv41sI1kb4jx5Xhb8cyE4C/MEawfoYu0dRqPWD6OavRFIyTlsAkn2hxX/0BKbsYVYqmJUS2OhCHW6MdaGW2WwVCYabY7xqBVP2wBjsxMeOAxX+SW4oAZDcsH6I9Uew7joSyYXQqlBUck1bACIiIgWkBEBERKSAlACIiIgUkBIAERGRAlICICIiUkA6BSCxsNYShAEWMIAxhpI3f491EYkEYYC1Fmuj8cMlrzRX22KR7ZQAyELCMGTsTwjCkO1t0TzjUSmXKZf0MROZlR/4THyfMNzZd6BUKrFSruB5WsSV+enKLHMLwpDN8Yi9+qGGNmQ0GRMEIdWVleUGJ5Jho/EIP9h70FAQBGyEAasrVa20ydyUPspcgjDY9+Z/Oj/0GU3UUEVkGqPJeN+b/xMsbI5GBKEmEsp8lADIzKy1jMZjZpmE4ge+LlQiBwjCAN+fbWbFaLz33AKR/SgBkJmNJmPsHGPQpnqqESkwf6+hVvs4lZCLzEYJgMxk4k/mfpL3g0DTU0X2YIlWyuYRhAETfxJvQJJ7SgBkakEYMp5xefJMFrRUKbK7BX83xpOTp3FEpqMEQKZisVuFfLqBiyQihrP9o/FI9QAyNSUAMpXxeIK1iz5dGDUwEdlDHL8Z1lrGOnEjU1ICIAfyAx8/XGTpP1Iu6byyyH7iaJrlB8HctQRSLEoAZF9RM594iosq6ggosq9KOZ7fkdF4TLjwip3knRIA2des5/33UvLKaluaPpvAhusg5BTP8yjFtFKmo4FyEF2RZU/jSTxPEcYYqpVKDBFJzB4DHnEdhJypWlmJpVYmDEPVA8i+lADIroIgYBLTPmK1UlXxXzo9ihKA1DHGUF2pxvJaE98nUAMu2YMSANnBWhtb7/5KuUJJS/9p9RjwE9dByE4lz6MS06rZaKJWwbI7XZllh3lb/W7nedHIUkkr8xO0ApBacY37jVoFj2KISPJGCYCcYZFWv6czGFYrGgGcco+gBCDVVleqsTQICsJQrYJlByUA8oTFW/2eshJTIZMkSglAykUFtPEk0moVLNspARDg9H3/xZf+y6Wymv5kgeEnqAYg9cqlEuXY+gOoVbCcogRAgOjpYPFWv+AZL7YnFkncw2gFIBOqlZX46gF0NFC2KAGQ2Fr9gqG6opt/higByJC4EusgCPBj2uqTbFNv1oKLngjiKQ5aKVfwjHLKDOkDOiSeEZ7nsVJZiaW5z2gyplQqqU6n4HS1LriJ7xNPq99SbH3MZSnurbebD9VajUeIEgHJgEq5HFurYJ0KECUABWaxsXT7i7NSWZbFfPO0v/m6szBkZnG1Cp4EvgoCC04JQIGFYUgcT/9q9ZtB5oyb/tecxSEzi61VsD15DZCiUgJQYHEk/2r1m1n/+7S/VgKQMXG1Ctbzf7Hpyi1zU6vfzPp/9Xbz/pN/U2s1HgR+6DAemUM8rYKVAhSZEoAC8xZYtler3ywz39rlH6oOIIMWbRWsUzvFpv/7BeZ53twXALX6zTCz681e2wAZtEgBrud5sTQXkuzS//2dCrUmVi7NfnRPrX4zr7vLP1MCkFHztgqe53c/4wp1bZ+GEoAdTKF6o1fK5ZkuBCWvpCN/2fbjeru549x/rdX4W+BeB/FIDKqVlZn6A5RL5SL27VDXy22UAOz0gOsAlq1aWaHkHXzxqJQq0Z6jZJj56D7/8kNLC0Nit7pSpTJFUW6pVCpqy+7CXdsPogRgO1PMD8nqSpVqpbqjJsBgtp76q6zEcOxInAowvGeff/9BQJNiMmylUqG6Uo1WA7bV6HieR3WlWuQkvpDX9v0Ubg1oCj9yHYAr5VKJcqmEBWwYglGVcM58sd5u7vn5rrUaDw+7/f8JvGaJMUnMTv4eA4Q2BAvGMxgKX7SrBGAbXd13+oHrAFwzLHZCQFLKmP2e/k96X+JxyNJ4Jqr0180fUK+LHXSF36bebt4H/JXrOERi9tf1dvPWg/5QrdX4S+B7S4hHZJm+vVXoKqdRArAbY25wHYJIrIz5wAx/WqsAkjcfdx1AGikB2N1H0Jx0yY814M9n+PMfA44lFIvIsvmAHup2oQRgF/V280Hgq67jEImHuaHebk59Q6+1GmvAhxMMSGSZbq21Gg+7DiKNlADsxZhriTJHkSwLMfy3Ob7vfYBmxUrW+cDvuQ4irZQA7KHebvZgqqppkRQzH6q3m3fP+l21VuMHwHsTCEhkmd5VazVm/vwXhRKA/RjeTIH7AkjmPYzh2gW+/zrgwbiCEVmyHwF/4DqINFMCsI96u7mOMW9EWwGSRcZcW283B/N+e63VOAb8TowRiSxLALyx1mqsuw4kzYy1GpB0kEGn96+w9sOARuBJVnytfvnFL4jjhYbd/v8CXhLHa4ksQQj8aq3V+ITrQNJOKwBTqLebH8eYN6CiKMmG0dbKVVyuATZjfD2RpFjg13Xzn44SgCnV280PYczVwMR1LCL7M39WbzfvievVaq3GvcDb4no9kYT4RMv+f+E6kKxQAjCDerv53zHmOYCqSiWt7sXw1gRe94/RnAxJrx7wC7VWY5aGV4WnGoA5DDq9Cpa3gP2PQNKDtf8OuBvM/8XQA/6WqDL7GPB04AIszwN7BfC0hGORtDPmpdP0/J/HsNt/AfCVJF5bMuV+4Ebgm1t//QBwBHgq8A+AZ299NYGfSjiWEfBW4I9rrYaKtWekBGABg07vH2G5BuxVwLkLvlwA3AfmbqCH4S7gO/V28yczxPNCrP0Tol88KRzzjvrlzd9N8h2G3f7vo6NVRXU7cO3WwKipDLv9v8epZODk1zNYvKD6x8BfAB+otRr3LfhahaUEIAaDTq8CvAprX0f0YT/vgG8ZAT8A872tp/o7gbvq7ebCR1YGnZ4B3oi17wQOLfp6khk31S+/+JXLeKNht/9x4KplvJekwjpwNfCRWqux8A1j2O0fAv4JZyYFzwJWD/jWh4DvAP8D+IKe+BenBCABg07vbOCZQAM4B3gUePi0r/vr7Waiw4YGnd5lWPtZoJ7k+0gq3IUxz6+3m0up1B92+1WgCzx3Ge8nTj0KXF5rNW5P8k2G3X6JaAvz3K2v83Hvg7gAAAfoSURBVDh17bwHuKfWagyTjKGIlADk2KDT+3ms/QZaCcizBzDmknq7+dAy33TY7Z8H3EFUhyL5tAY8R61080unAHKs3m7ehTH/znUckpjjGPPyZd/8AWqtxiPA5YCeyvLrGt38800rAAUwuPm7HeBlruOQWAUYc0W93fyCyyCG3f6LgVuAsss4JHafqbUaV7oOQpKlFYAiMOb3iTpkSV5Eff6d3vwBaq3Gl4DfdB2HxMoCf+g6CEmeEoACqLebdxIVbUkumLfX2813uY7ipFqrcT3wFtdxSGxuqbUa33MdhCRPCUBRGPN51yHIwiYY84b65c03uw5ku1qr8UfArwJj17HIwj7nOgBZDiUAxfFV1wHIQgYY87J6u5naVqe1VuNjwIuIjm5Jdk3d6EeyTQlAcdwNHHcdhMzlKMY8r95uftl1IAeptRrfAJ4D/NB1LDKXIZr5UBhKAAqi3m5aojkCki13YMwv1NvNvutAplVrNX4I/CLwddexyMzui6Pbn2SDEoBiUQKQKebTGHPZLPMg0qLWajwGvBj4qOtYZCZHXQcgy6Ozu4VifqTTgJkQgPmv9cub17kOZBG1VmMM/Nqw27+HaICQrjfpd9R1ALI8WgEoEsP9rkOQA92JMZdm/eZ/ulqr8TbgYuD/uI5FDqRrRIEoASgW/XKn1wBjfmurr/9droOJ21ZL2V8CXg885jgc2dtR1wHI8mhJrlg0NzuVzI0Yfqvebv7YdSRJ2iou++Cw2/8s8KfAax2HJDsddR2ALI9mARTIoNOrYe3AdRzyhL/BmGvq7eZtrgNxYdjtXwa8H7jIdSzyhCfXWg0dFy4IbQEUSL3dHAJKANzbAPNHGPPMot78AWqtxteAnwPeTDR6Vtx6VDf/YtEWQPE8ANRdB1FQ92HMB4AP1NvNx10Hkwa1VmMCvH3Y7b+XaEvgauAZbqMqrKOuA5Dl0gpA8agXwHIFwBcx5nKMubDebr5DN/+daq3GsNZqvJtoO+DFwE1EPztZnqOuA5Dl0gpA4agXwJI8CubDGN5Tbzd1+mJKW4WCXwa+POz2nwa8kejkwFOcBlYMR10HIMulBKBoDPfr/p+YEPg2xnwQ+Fi93Ry5DijLaq3GA8B1w27/rcCrgDcQHSXUymUylKgWjBKA4tEvebwC4FsY8xngxnq7+XeuA8qbrY6CnwA+Mez2zwf+JVFCcBm6hsXpqOsAZLn0y1M897oOIAcmwDe2bvqfqrebD7sOqChqrcZDwPXA9cNu/xzgl4EricYQr7iMLQeOug5Alkt9AApm0OmdhbXHgJLrWDJmE/jq1k3/0yrkS5dht18DXk6UDLwEOOQ2oszxiXoAbLgORJZHCUABDW7+bg94tus4MmAd+DLGfBr4bL3d1BnpDBh2+4eBlxFtE7wMOOI2okz4dq3VuNR1ELJc2gIoJPMtsEoAdncczK0YPg18vt5u6okoY2qtxhrwKeBTw25/lWhF4ErgFUDNZWwp9peuA5DlUwJQRIavY/kN12GkyONgvrh1079F1fv5UWs1NoHPAZ8bdvsrwAuJkoFfBs51GVvKfMN1ALJ82gIooEGndz7WPug6DsceAdPBcCNwW73dVNOZAhl2+yWiUwSvAq4AzncbkXNPqbUaj7gOQpZLCUBBDW7+7m1EHdeK5EEwn8fwKeAr9XYzdB2QuDfs9j3guUQrA1cCT3Mb0dJ9odZqvMJ1ELJ8SgAKatDpXYq1t7uOYwl+tHXTv7HebmqfUw407PYv4VQycIHjcJbh4lqr0XMdhCyfEoACG9z83S8CL3UdRwL+BsznMHyy3m5+x3Uwkl3Dbv/niLYJriSfY4s/W2s1rnAdhLihBKDABp3eP8XabwPGdSwx+D6Ym7Zu+t9zHYzkz7Dbv4goEXgV0RjjrLPAs2uthn5fCkoJQMENbu69C+zvuI5jTn8F5rMYbqi3m/e4DkaKY9jtX8CpbYJLHIczr/9SazX+k+sgxB0lAAU36PQ8rL2N6HhU2oXAXRhzE3CDpuxJGmxNLTyZDDyXbAwr6gCvqLUaKoQtMCUAwqDTOxtr7wT+oetYdhEAt2+14P2khu1Imm0NK7qCU8OK0thy+x7g0lqrMXQdiLilBEAAGHR6z8TaLwF/33UsRH3JTx+282PXAYnMatjtn8uZw4oqbiMC4AHgRbVW469dByLuKQGQJ2w1CPoM8BwHbz/izGE7jzmIQSQRw26/zpnDilYdhPFV4NVq+CMnKQGQMww6vQqWd4N90xLeboMzh+0cW8J7ijg17PaPcOawosNLeNt3Af+h1mr4S3gvyQglALKrQaf3Sqx9K/DMmF/6OJjbThu2sx7z64tkxrDbP8SpYUUvJ/5hRT3gulqrcUvMrys5oARA9jXo9H4Fa98CPGuRlzlt2E5Hw3ZEdtoaVvQiTg0rOmeBl7sL+MNaq/GFOGKTfFICIFMZdHovwvJisL8ENNl/D/M4cDeYHoZbgC/V283JUgIVyYFht18mOkXwUuDngYvZf3VgE7gd+BrQrbUaX088SMk8JQAys0GnVyUqFDwPqBIlA1VgHbgD+H693dQHSyQmw27fABcSJQNnERXNnvx6FLir1mpoZU1mogRARESkgLLQsUpERERipgRARESkgJQAiIiIFJASABERkQJSAiAiIlJASgBEREQKSAmAiIhIASkBEBERKSAlACIiIgWkBEBERKSA/j+uhURj3AaxZQAAAABJRU5ErkJggg==', 32.0);
INSERT INTO product_ingredient (product_id, ingredient_id)
VALUES (1, 11); -- Hyaluronic acid

INSERT INTO product (name, product_type, manufacturer, usage_instructions, image, price)
VALUES ('CeraVe Moisturizing Lotion', 'MOISTURIZER', 'CeraVe', ' Apply liberally as often as needed.', 'iVBORw0KGgoAAAANSUhEUgAAAgAAAAIACAYAAAD0eNT6AAAABHNCSVQICAgIfAhkiAAAAAlwSFlzAAAN1wAADdcBQiibeAAAABl0RVh0U29mdHdhcmUAd3d3Lmlua3NjYXBlLm9yZ5vuPBoAACAASURBVHic7N15nCNndS/833lKe2tGmvEGBoztBi9twJYBt4GQQMObADLJDSQhEG5CgCRkYwmBkJWQS/ZceBMgCdlJuG9YElYPuSEgSAzGGpa2sS0vIGOIDV5nWjPqllTLc94/Sj3u6elWa6mqp6p0vp+PMe7prjqjlvQcPcs5xMwQQgghxHxRpgMQQgghRPQkARBCCCHmkCQAQgghxBySBEAIIYSYQ5IACCGEEHNIEgAhhBBiDkkCIIQQQswhSQCEEEKIOSQJgBBCCDGHJAEQQggh5lDGdABCpF2n0VoAsATgcQDyANaH/2wAuBvATZWVpbmqyd1ptAj+4/EIACUAC8N/BgBuBtCqrCx1zUUoRPqR9AIQIlidRssC8DwAPw7gcgDnAaARP/IAgAaATwP4ZGVl6c6wYzSh02idC+B7ATwLwAqA00d8OwO4E8AqgH8EcHVlZckLOUQh5ookAEIEpNNoPQrAKwG8HMAjp7yMBvBeAG9OSyIwHPjfAuClmH7Z8W4AfwfgrysrS/8dUGhCzDVJAISYUafRUgDeCH+QywV0WRvAXwF4a2Vl6d6ArhmpTqN1FoDfAPDTCPZxeTOAP6qsLOmArinEXJIEQIgZdBqt8+FPUT8tpFscBfDCysrSZ0K6fig6jdYzAfwrgAMh3eLzAH68srJ0R0jXFyL15BSAEFPqNFo/CuAGhDf4A/4A+u+dRusVId4jUMNY/x3hDf6A/5jfMPwdCCGmIDMAQkyh02h9P4APAbAivO2fAPiVuE59D5dC/hDAL0d4Ww/ACyorSx+L8J5CpIIkAEJMqNNofReATwIoGrj9PwB4edyODQ6P9f0dgJcZuH0PwPdWVpY+Z+DeQiSWLAEIMYFOo/V4AB+HmcEf8AfYtxu69yhvh5nBH/B/Fx8f/m6EEGOSBECIMXUarSr8wb9qOJTXdBqt3zYcwwnDWF5jOIwq/CTA9O9GiMSQBECI8f01gEebDmLozZ1G67WmgxjG8GbTcQw9Gv7vSAgxBkkAhBhDp9H6KQA/ZDqObd7WabR+0tTNh/d+m6n77+KHhr8rIcQeZBOgEHvoNFoXA/gS/Jr1ceMBeFFlZelfo7xpp9F6IYD3I9pTEOPaAPCkysrSLaYDESLOJAEQYoROo1UA0ATwBNOxjGADeH5lZemTUdys02h9L/y9EEFV9wvDVwEsV1aW+qYDESKuZAlAiNH+GPEe/AF/IP5wp9EKsyARAGB4jw8j3oM/4P/O/th0EELEmcwACLGLYbGfj5qOYwJrAJ5ZWVm6PoyLdxqtywB8BuZPQUziB6RIkBA7kwRAiB10Gq1HwC/ze5rpWCZ0H4CnV1aWbg/yop1G6wIA1wA4M8jrRuBBAJdWVpbuNh2IEHEjSwBCbDMsafteJG/wB/wB+lOdRuucoC44vNankLzBH/B/h+8d/k6FEFvIi0KIU/0qgGeYDmIGjwJwTRCV8YbXuGZ4zaR6BvzfqRBiC1kCEGKLTqP1FAD/BSBjOpYAHAfwksrK0tXT/HCn0boKwP8HYF+gUZnhAvjuysrSF0wHIkRcSAIgxFCn0aoAuB7AuYZDCdrHALyxsrJ02zjf3Gm0LgTwRwC+P9SooncngMsqK0sd04EIEQeSAAgx1Gm03g/gR0zHERIX/g7+j8Nfz7+zsrLUA4BOo1WEn/Q8G8DzATwT6ZgB2ckHKitLLzIdhBBxIAmAEAA6jdYrAPyN6TgidmT474NGo4jeKysrS39rOgghTJMEQMy9TqN1EYAvI56lfkXwNgA8sbKydKvpQIQwSU4BiLnWabTyAN4HGfznSQnA+4a/eyHmliQAYt79MYBLTQchIncppFSwmHOyBCDm1vCY28dNxyGMev60xySFSDpJAMRc6jRaZ8Mv9Xu66ViEUQ/ALxX8bdOBCBE1WQIQc2dYFvafIIO/8J8D/ySlgsU8kie9mEdvArBiOggRGyvwnxNCzBVZAhBzpdNoXQm/tn1aC92I6bjwuyheZzoQIaIiCYCYGyku9SuCcSekVLCYI7IEIObJuyGDv9jdufCfI0LMBUkAxFzoNFovByA14MVeXjR8rgiRerIEIFJv2N3uywAWTMciEmEdfqngsbonCpFUMgMgUm1LqV8Z/MW4FiClgsUckARApN0fArjMdBAicS6D/9wRIrVkCUCkVqfRqgOQMq9iFldVVpYOmQ5CiDBIAiBSqdNoPRx+qd8zTMciEu1++KWCv2M6ECGCJksAInW2lPqVwV/M6gxIqWCRUvKkFmn0RgDPMh2ESI1nwX9OCZEqsgQgUqXTaC0D+Byk1K8IlgvguyorS03TgQgRFEkARGp0Gq398Ev9nmc6FpFK34BfKviY6UCECIIsAYg0+UvI4C/Ccx7855gQqSAzACIVOo3WywD8vek44o6Z4bguNGtorQEASikoUshmMiAiwxEmwk9WVpb+wXQQQsxKEgCReJ1G6wIAX4FU+xvJ9VwMHAfY7TVPhHw2i4wl2yf2sA7g8srK0u2mAxFiFrIEIBKt02jlIKV+92Q7Dga2vfvgDwDMGNg2bMeJLrBk2iwVnDMdiBCzkARAJN0fAKiZDiLOPK3huOMP6o7rwBsuD4hd1eA/94RILFkCEInVabSeB7/Uryxcj9Ab9E+s949LKYVivhBSRKnB8EsFf8J0IEJMQxIAkUidRuthAL4KqfY3EjNjo9+b6mdLhaJsCtzb/QCeUFlZusd0IEJMSpYAROJ0Gi2ClPody6Sf/IP62TmyWSpYMiWROJIAiCR6I4Bnmw4iCTTPkADM8LNz5tmQUsEigWQJQCRKp9G6An6p36zpWJLAdh04U+7qz2azyGXkYR6TA79U8GHTgQgxLpkBEIkxLPX7z5DBX8RPFsA/D5+jQiSCJAAiSf4CwPmmgxBiF+fDf44KkQiSAIhE6DRaPwHgJabjEGIPLxk+V4WIPdkDIGKv02g9Fn6p37LpWJJG9gAY0YVfKvhrpgMRYhSZARCxtqXUrwz+IinKkFLBIgEkARBx9/sALjcdhBATuhz+c1eI2JIlABFbnUbrOQA+ASn1OzVZAjCKATyvsrL0f00HIsROZAZAxFKn0ToLwHsgg79ILgLwnuFzWYjYkQRAxNXbAJxpOgghZnQm/OeyELEjCYCInU6j9SzIkT+RHi8ZPqeFiBVJAESsDHdOv8t0HEIE7F1yKkDEjSQAIm7eCOBC00EIEbALIQ2DRMzIKQARG51G63wANwMomI4lLeQUQKz0AVxSWVm6w3QgQgAyAyDi5Z2QwV+kVwH+c1yIWJAEQMRCp9F6IYDnmo5DiJA9d/hcF8I4WQIQxnUarTKAWwA80nQsaSNLALF0F4CLKytLXdOBiPkmMwAiDt4AGfzF/Hgk/Oe8EEbJDIAwqtNoZQF8C8DDTMeSRjIDEFv3ADinsrI03S9HiADIDIAw7Qchg7+YPw+D/9wXwhhJAIRpP2s6ACEMkee+MEoSAGFMp9G6GMAzTMchhCHPGL4GhDBCEgBh0qtMByCEYfIaEMbIJkBhRKfRKgH4NoCK6VjSzPU8DOzBVD+bz+WRsayAIxLbdACcXVlZ2jAdiJg/MgMgTHkJZPAPnVLTv8Rn+Vkxtgqk86UwRF7hwhTZABUBRQQimvjniAhqip8TU5HXgjBCEgARuU6jdSmAy03HMS9y2cm70E7zM2Jqlw9fE0JEShIAYcIzTQcwTzKWBWuCtXzLsmTtP3rymhCRkwRAmPB00wHMm3wuh0wms+f3ZTIZ5HPy6d8AeU2IyO39jiBE8L7LdADzhkDIZ3PIWBYcx4XHGtg8AUQEixSy2QwsJZ/8DZHXhIicHAMUkeo0WhcAuM10HALQw9e+bPaLjQsrK0u3mw5CzA9ZAhBRk086MaFkp3/cyGtDREoSABE1WesUYmfy2hCRkgRARE3e5ITYmbw2RKRkD4CITKfRejj88r9CiJ2dXVlZ+o7pIMR8kBkAESVZ4xRiNHmNiMhIAiCidIHpAISIOXmNiMhIAiCidJrpAISIOXmNiMhIAiCidLrpAISIOXmNiMhIAiCiJG9uQowmrxERGUkARJTkzU2I0eQ1IiIjCYCIkry5CTGavEZEZCQBEFGSNzchRpPXiIiMFAISkeg0WjkAA9NxCJEA+crKkm06CJF+MgMgoiLHm4QYj7xWRCQkARBROWA6ACESQl4rIhKSAIiodE0HIERCyGtFREISABGVB0wHIERCyGtFREISABGJysrSBoCe6TiEiLne8LUiROgkARBRetB0AELEnLxGRGQkARBRkqlNIUaT14iIjCQAIkry5ibEaPIaEZHJmA5AzBV5cwuSIqh8FiCAXQ14GuzpUG9JlgIsBcoogAE9cAAtxcQCJK8RERlJAESU5M0tAJSxoEo5UC4D2vZn7Gl43T7Y8YK9Z9aCVS74CcAWaiEPtl3oDRvsBnvPOSWvEREZWQIQUZINTjOirAWrUoTaYfAH/E/oVqUIylrB3nN/8ZTBHwAIgMplAr/nHJPXiIiMJAAiSt8yHUCiEcHaVwTRTkP/lm8D7TpgT3xLpfxr7XXPYWzY4/vEnuQ1IiIjSwAJ1m22CX7d8DMBnAnCaQCKYNwP4N7Nf8rLi+EuDI/vWtMBJJkq5kBqvAGWiKDKBXid2Y6Uq335PQf/E/dUBFXMQW9Iz6cZxOY1snZoVWHzvQU4C36nwj78ZYoHANwH4Ei1XpNNIAkl3QBjbDjA10C0AuAKAGeAcABABX698H3YexZHAzgO4AiAI2A8CH+a8VYwfxpAs7y86Ib1d9iu02jdB+CMqO6XGgRkDpTHTgA2eesD6N50jeVUMQdrIT/Rz7BmuEe7gLytTOP+ysrSmVHdbO3QqgX/feWZYFwM8GnwB/mD8D9Y7Md47y/HABwFsAbgCED3g3AYwGcA3CAJQnxJAhAj3WY7C+BKED0LwNNAeDL8wT5M62B8GcDnwdwAcE15eTG0j3CdRutDAH4wrOunlcpn/Cn2CTEzvLWNiU8HkKVgVUtjf/rfyjvegx5EllOmyYcrK0svCOvia4dW8wCeBsYzAH46gCcBKId1v83bAmgC9DkQPgPgcLVec0K+pxiTJAAGdZttBeBZIPp/QHgagBqAyd/lg2UDuB6Ma8H8b+XlxU8GefFOo/VLAP53kNecB1alBDXlJjt2Pbhrky0FZKolUGa6+2nHm3npYU69vrKy9LYgL7h2aPXZYHwfwE8DcDmAyaZ0gtcD8KVhQvBpAJ+p1mtxWaKcO5IARKzbbGdBeA5AP+L/G6ebjmkPd4DxN2D+y/Ly4tFZL9ZptJ4M4HAAcc0NshQyBxZmuoa3MYDeGG8pQJVysEqzjRPu0fXQaxKk0BWVlaUvznqRtUOrVQA/DeafAvCY2cMK1f0AfQKEDwD4D5kdiJYkABHoNtt5EL4foB8C4fsQ/rR+GHpgfAjMf1ZeXpx6AO80Whn404KzjWhzxFrIQxVzM12DwfCO9cH26Kl5ymVg7S+AdjxkOD7ds+Gty2bACawDqFZWlqZeO1k7tPokMH4R4B+G+ZnEaawB9G8g/AuAQ9V6TZ5AIZMEICTdZnsBhP8xHPSfjfDX2qL0FTC/G4z3TLNfoNNofQrAs0KIK30IyBwsT7UWvx0D0N0+dH/nD1mqkIUqF2Yc+of3YoZ7RDYDTuDTlZWlZ0/6Q8N1/ZeC+VXw1/TT4jhAnxwmAx+r1muyphQCSQAC1G2294PwwuGg/0wkMwufxBEw/hbMv11eXhz7BdpptN4M4LfDCys9VD4La18h0Gtq2wU73olqgZS1QFkLKhfsqWBvRLIhTvHblZWlt4z7zWuHVotg/CbAPw1/x36a9QB8CkT/AuAj1XrtmOmA0kISgBl1m+2DILwIoBeA8N0AZpurTaa7wPxL5SsWPzjON3carRUAnw45plTIVEqJrbA3zebDOfasyspSY5xvXDu0+gIwvx3AOSHHFEcDAJ8F0YcAfLBar828L2meSQIwhW6z/bDhoP+DIDwVQNZ0TLHA+A8w/2x5ebE96ts6jZYF4E4Aj4wkroSijEKmmuytEu7aut+oSIxyF4BzKytLI5sprB1aPR/M7wLwnGjCij0HwOe2JAP3mg4oaSQBGFO32X4kiF4MwgvgF8+QMso764PxNjC/pby8uOu2806j9VsAxp7ynEdWOQ9VSPaEku478Lp902HE3ZsrK0u/s9sfrh1azYHx6wC/AelfVpyWB+C6YTLw/mq9drfpgJJAEoARus32+SD6MRB+AP4ZfRn0x/cNaH51eXnx6p3+sNNoPRx+3XMpR70TImQOLgSy+c8kfzPgOiDvM7txAZxTWVn6zk5/uHZo9blgfgeAxWjDSjQN4Msg+jCA91XrtW+YDiiuJAHYpttsXwyilwwH/cebjifxGB8F84+XlxdP2bjTabT+BcALDUQVe6qQhVUOdvOfKbIZcKR/raws/dD2L64dWt0Pxt8DHFplwDlyPUAfAeF91XrtNtPBxIkkAAC6zfZlw+n9HwBwoel4Uug2aH5eeXnxjq1flM2Au5ulEl/cyGbAkU7Z/Ld2aPU8MB8CcLGhmNLsFoA+DML7q/XaV00HY9rcJgDdZnt5OOg/H8D5puOZAw9A8wvKy4vXbP1ip9G6FZJ0nYQyFjLVkukwAuWubYDdkXvc5tFtlZWli7Z+Ye3Q6tPA/GFIw6wofB2gjw6TgZkrMCbRXCUA3Wb7e0D0IhCuAvAo0/HMoQGYf6Z8xeJ7Nr/QabReC+DtBmOKHatcgCqk62CJbAbc0esqK0v/7+Z/rB1afSmY/xpAOtZ+kuWbAH0MhA9U67XPmQ4mKqlOALY023kRCHUADzMdkwCD8YflK87/VQDoNFoHANwN2d3sS8nmv+1kM+ApegAeUVlZOgoAa1ev/i+Afx0IpBCjmM13hsnAB5HyZkWpSwC6zXYGwHNA9CMgPBfxb7Yzn/y+Ai8pLy8OOo3W3wJ4uemQ4iBNm/+289b70D3ZDDj0d5WVpVesHVrNg/FPw/r9In7uB+jQsFnRJ6v1WqrWsVKRAHSb7Zy/lk8/PGy2UzUdkxjLl6D5Km99UAJwM2QWIFWb/7ZjT8M9um46jDjoAbiEe4N1MH8cfl0REX9HtzUrGq+9ZowlNgHoNtulbc129pmOSUzlBmh+qrc+eB2At5oOxqQ0bv7bzu1snOhBMMd+g3uDt4H58/Dri4jkObatWVHPdEDTSFQC0G22921rtpPud8t5wTjkbQxeCM03YI5PBKRx8992euDAOz7XmwFvA/Ol3Bt8AMD3mw5GBGIDJzcrOm46oHHFPgEYNtv5kS3NdvKmYxIhYLzD6/Y/CuBTpkMxIqWb/7aTzYB4Nm8M6gC/znQgIhR9PNSs6F/i3qwolglAt9k+a0uHPWm2My+Yf9HrDp4K4MWmQ4maKmZhLaRz89923voAupf45dNp/DP3BteA+c9NByIi4QC4ZkuzovtMB7RdbBKAbrOdBeHlIPoJ+Jti0rkTSozisqtfpnv2nwPYbzqYKGUOLICs+Wg1MaebAY/xwP4ZePqfIP0v5pEH4Asgeg+A91TrtVgchzGeAHSb7QqIXgvCqyDn9AXQ0T37L9jVbzIdSFQoayFTma/tLHO3GdDTv88D+2chJ5QE8B0QvQvAO6v1WsdkIMYSgG6znQHR74LwcwDKRoIQcfUtrzs4BubHmQ4kCta+AlR+vla55mozIPON3BvsB/Bo06GIWDkO0DtA+C1T9QWMzDl2m+1HQtHnQHgjZPAXpzrHWsgr+K1S040IlJu/GWHKZwCV7g2PQy73bQUZ/MWp9gH8a2D+r7VDq48wEUDkCUC32X4eFK0CWI763iJBCEuqmEt9gw5VyKZ+5/9OCJT6I48AwAOnCeZLTMchYu2pYF5dO7T6fVHfONIEoHu4/RNQ9HFIeV4xBsqoZcpYqW7ZOQ+D4G5Sv+zh6a/C855iOgyRCGeA+dDaodWXRnnTyPYAdJvtp0HRpyCdrsRkHvC6AwXmg6YDCdo8bv7bzj3WA9spXOlhPsK9gQdp6ysm0wPRs6r12heiuFkkMwDdZvvRUPQhyOAvJne6Vcr9t+kgwjDPn/43pfUx4L79LcjgLyZXBPOH1w6tRtKuPvQEoNtsZ6HoagBnhn0vkVKKLlX5bCQZcWQU+Rvh5hzl0rcZkG33WjBfZjoOkVhngfnqtUOroWfH4c8AEH4ewFwc5xLhoZz1RLLU10zHERSVz4Kk9TsIKZsF0PprcN0nmg5DJN4TALwq7JuEmgB0m+0CiH4lzHuIuZFTxVwRhA3TgQQhVYPejFL0WGxw385D+pWIIDD/6tqh1VCXzcOdASB6PaS6nwgK4ZGqmLvJdBizoqw1N2V/x0FKpaIWAvftrwI4x3QcIjUeDuA1Yd4gtFMAw7X/7wA4LZQbiLml+86X2PGeZDqOac1j5b+9JL4yoOt9kW3nyabDEKnzAIjODqt3QJgfQ54BGfxFCFQhe9EwuUweQio+7QaNchkkdksE87fZdi4yHYZIpdMBfHdYFw8vASCqh3ZtMe/KVil/HH6HrUShbGYuK//thYigkpkYedy3jwHYZzoQkVKM54Z16RATAKyEdm0hCBeoYu6w6TAmlaINb4GjBC6L8MC5Dszy6V+EiJ8d1pVDSQC6zfZZAKT+tQjVsFTwjabjGBv5GwDFzihrJWsZwNM3SqlfEYHHrx1aDaWOTlgzAOeHeG0hNilVzD4MREdNBzIOylgy/T8CEYEyCUmQmI/ywD4L8j4nwqcAnBfWhcNwIKTrCrHdGVYp9y3TQYwjMYObQUl5jLhv3wmpbiqiUw3jouEkAIRKKNcVYieKLlX5TOxLBcv0/96S8BgNS/3WTMch5kooY2pYMwChZCtC7IZymSeSpdqm4xglCYObabF/jLRuS6lfYUCCZgAAHdJ1hdhNThVzWQA904HshJSS9f8xEBFIxXZZvcd9x4KU+hXRC2VMDeeVxkjOzmyRHoRzVCkXz+deyjrehSqmjxX37RsAPtd0HGIuhVICPaxU+6uQWQBhAFnqCspaXzIdxyliOqjFUhwfK9f7IrS+0nQYYi5pIJwP1aEkAOXlxS6Ab4dxbSH2ogrZC+NWKlim/8cXu8fKL/V7oekwxNy6q1qvrYdx4fAW2xi3hnZtIUbbZ5XyxxCnUsFx/FQbV/F6rDzu2x0A+00HIubWLWFdOMTdNvyB8K4txB4IF6pitmk6jBPiNajFW4weq2Gp34tNxyHmGFFoY2mYMwD/CCARFdpEOlHGupIyKpTNM5OK3bR2jMXmsfL0TfA8WfcXJh0B8H/CunhoCUB5eXEAxvvCur4QY1CqmDsLRGumA4nTp9rYi8NjxbzGA/sMADEvTCDSjf5PtV4bhHX1cA/cMv8ZAA71HkKMdoZVyt1pOgiKw6CWEHF4rLhv3wHgLNNxiLnGILwzzBuEmgCUlxdvBeP/hnkPIfak6DLjpYLjMq2dBIYfK3bca8F8udEghAAOVeu128O8Qfglt5h/GYAb+n2EGIFymcvjXipYxIDWbTiuDP7CNBdEbwz7JqEnAOXlxRYY/xT2fYTYQ35YKrhv4uaspS7WuAw+Vv1hqd+CqQCE8NE/VOu10I7/bYqm6DbzrwEIpZCBEGPzSwXfYOTenmyFGZuhx4r79qqU+hUx0AXhN6K4USQJQHl58R4w/iyKewkxCllq2USpYJkBGJ+Rx8r1vgStnxL9jYXYjt5erdfujeJO0bXdYv5dAJH8pYQYRRWyF0DRPZHeVMsMwNiifqyYv8O289hobyrEju4B4Q+iullkCUB5eXEdzG+N6n5CjLDfKuXXEGHDKpYEYGwRP1aa+/ZRAJUobyrEjoh+p1qvbUR1u2gbbzP+HECoxxqEGAvhIlXIXhfZ/TxZAhhbhI8VD5wvgHkpshsKsbtbAbw7yhtGmgCUlxc1mN8U5T2F2A1lrSspo26O4l4yAzC+yB4rT98spX5FbBC9qVqvRfpJIdoZAADlKxY/DODaqO8rxA6UKubOBFEn9Dsxg1mSgL0wMxDF48Tc4YF9OqTUr4iHa6r12kejvmnkCQAAQPPrISWCRTycoUq5b0RyJ1kG2FtEjxH37Tak1K+IBwbRL5u4sZEEoLy8eB0YHzFxbyG2I79UcOj7AdiVBGAvUTxG7LhfkFK/Ij7oX6v12mETdzYzAwAAzG8AYBu7vxBbUC5TI0vdEeY9tCMVsfcS+mOk9R1w3Fq4NxFibAMQfsXUzY0lAOXlxTYY7zV1fyG2yatizkKIpYLZ9mTdawSG/xiFqM99R0FK/YrYoPdU67VQP3iMYm4GAACY/wQRnsUWYiTCo0MtFcwMuKEOcMnmeqFuAJRSvyJmNAhvMxmA0QSgvLx4Cxj/aTIGIbYalgr+cljX17YsA+wm1MdGSv2K+GlU67XbTAZgdgbA92nTAQixlSpkHwNFoZSt5oEkALsJ7bFhvodt5zHhXFyIKRF9ynQI5hMA5i+aDkGIbSpWKXcEISxPsaehHVkG2E47HjicI4Ca+/aDAKphXFyIGYQ20zgu8wkAcKPpAIQ4BdHFYZUK5r4TxmUTLazHZFjq95JQLi7EbG4yHUAcEgDZBChiibLWchilgrXtSFXALZgZ2g4hAZBSvyLejI99cUgApBSniCtLFXNnBF4qmAEeyCzAJh44wdcFlVK/Iv6MPzfjkACcYzoAIUY4U5VygZ/T1T1JADaF8Vhw3/46pNSviLdHmQ7AfAJA9F2mQxBiFFJUC7pUMHtajgTCP/oX9Oa/YanfJwZ6USGC9zTTAZhPAICnmw5AiL1QLnMZKRVo0yDdk0rYgT8Gmr8Bx70s2IsKEQJm42Of0QSg22w/HITnmIxBiDEVVClHAAZBXZAdDzzHlQHZ9cDBHokccN8GgGKQFxUiJM9bO7T6MJMBmJ0BIPolALmwb6O1huM66A8G6NsD2I4Nx3WhZSe2mAThXFXKXR/kJed5L0DQf3fuEwNZfgAAIABJREFU218B+LxALypSjZnhuC5sx0Hf9scHx3WgdSQb9PNgvCaKG+2GTB1H6jbbj4Gi6wEshHUPZsbAtuF5u3/KUErBsixkLAtKxWFFRMSd7jtfZscLbI05c3ABNGfPPdYa7pH14C7oel9i23lScBcUaaVZw/M8uJ4HzbsP9JaykM/mQERhhtMF0WXVeq0d5k12YyQB6DbbCoq+AOCKsO6htUbfHoD1+H8/UoSMlZFkQOyl43UHfTAHsstclXKwSvkgLpUY3sYAeiOg9X/me7k3yEOq/YldaK3hag/eHoP+dkQKhVwOikIdD64D0dOq9VrkdQEiTwC6zTaB6B9A+PEw79Pr92eaxvGTAQsZKyPJwDgIAJGfLROd/N9q23/T8Ae2J9bM/hl5ZkAzwAx2Ndjzgj8nPivmW7zu4EIEsYxG5M8ChPtJIzaY2f/0H8x7j+be4JbYVfsjAmUt/x+lAEUgNXwtKDr5+czD/9H80HN/t//P7H+okeXLPWmt4XoeXO2BJxj0t1OkUMyH3UGa/h6EV1TrtUh/sZEmAN1mOwuiD4DwP8K8j+u6GNjB7S7eTAYsKwMr7cnAcIA+MZArAtHm17f9GRGgEMnA5ScC2t845upYvAGy412r+85Tg7iWVS5AFbJBXCr2dN+B1+0Hci22nc/D9Ywfp4IiUDYDlbVAuQwoY52a4AZpe6KsGdD65ARBb/v/m9+fYp4eTu9rN9Bqm/lsDhkrE9j1dkb/CsKLq/VaZBuDIksAus32ChS9C8BFYd9ro9+baOp/EkR0Ys+AZRkv5LQnstTwE/iWT9+0+d848Wcn/jsh2GOw5ycD7ITbR34ET2/Yt7Gnl2a9EFkKmQOhbYeJFffoejBn/z19Mw/si2CiopoiqFzGH+yzGVAmOR8M9kwQNPufmD1OxCkVT/vr+Z7ngUOaKiRSKIU+CwAAaIHo56v12mejuFnoCUC32b4ERG8B4QUINyc+Yb23Ec2UMeHEnoFYJQOKoApZ/40pQYP6tJgBtl3ogWPiE869XndQBPP+WS9k7S9C5cL+lGGWtl14x3qzX4hxjHv9DQCRHqMiS0GV8lDFXETvZoYxD2dsBv4MQ0xEMehvt1AoRXIfAAzQB0F4S7Vea4V5o9ASgG6z/TQQ/ToI34cIjxsyMzZ6AbzBTIpwYpkgYzIZUASrXPDXG+eQdjxw3wmrteyOWPOqXh/UZr0OZS1kKpG9yRjhdjYCOfvP/cGXoaOr9kdZyx/452SZZjvWDPfB40aXELzher7reTCxKaiUL0a9T0cD+ASIfq9ar30hjBsEngB0m+2roOhNMFTmULNGrxfM+uK0lFLI5bKwVPSJgFUuJGo6MizsauiBE3ShmV3pgdtk212e9TqZaslfP04hdj24axuzX8dxvwDHfUoAIe2JchlYC3lQymdmxsGOB/doN/Kx19MatmNPtHs/DMV8EcrclOo1IPr9ar32b0FeNJAEwN/Zjx8D0RsBPH72sGYT5h6ASWSzWeSy0X1iUMUcVF7eqLZiT0MPXHD4dfd7en1wL2s+d5aLqEIWVjmStcbIed0+dH/G/U2a7+T+4CyEXO1PFXJQC7nUJmPT0hsDeMej+4Bluw4c13yxLCJCKR+LApPXg+iPALwviBMDMyUA3WY7B8JPDyv6xaYC18C24brxaLSSz+cjWxKw9hVB1nxO/e+FPQ29YYe7NMD4htftnw1g+kP9BGQOlFO3hMOag/j0OOCNwd0Anx9QWKegjAWrUpSBfxfsan8pIAKu52HgBFZ5eyYZK4N8NvSitZNog+h/A/jbar029ZG3qRKAbrO9D0SvBeHnEPEmnHFordEb9ONxdpyAUiGataNMNd3rx0HQfWf2T6EjsKev0xv2lbNcI42FgYIo/MN9+1poHcixy1MQoBYKsBbS9biHwbmvE/p7KzNjY9BHXN7Ei/l82MWApvUdEL0DwDur9drEmdlECUC32T4Iol8D4ZUAKpPeLEqu52EwiEf2mM/lkMmEOzVPloK1L51Tx0Fjj6E3BqHNBui+8xV2vMunvoAiZA6kpzAQM8M9uj7bBjLX+zLbTiib/vxP/SXZOzMm98Fu6McDXc/FwIlHt8x8NrpZ3BmsAfRuEP6wWq8dHfeHxn7Gdw+3fwaKbgfh9Yj54A/4O/LzuXgc1XF1+BvRTPV0SCKyCNa+Qmgbu1Qhez6I7p36AprBg3gsYQWBB+5sgz/zvWw7i8FF9BBVyCJzsCyD/wSi2F/lRXiKZzcEGhYAiv3gDwBVgH8FzLevHVp95bg/tOcMQLfZvhSK3g1g5h3OJvjdnhw4rmtsNokUoVQIfwOJta/gF/4RY9MDN/ie9ADA3PK6g4sw5RHYNBUGmrHwj+beoAXmxwUZE+C/XlTKllrCxq4H98Fu6PfpDfoGd/0TslYG2UwmybNw14LoVdV67cZR3zTyzal7uP2LUPRFJHTwB/zdm7lsDgvFkr8hL+wSnTuI6uhImGvbaaXyGVjlPAKvmES0pArZ66b9cfY0dPgnF0KnbXempRa2nWsDH/yHSywy+E9Od6NZVo1+4KXhRr88FgpF5LLZJA/+APBUMH957dDqz436pl1nALqH268F0dsQi0n04G22g3S98GcGMpmMvxwRAWshD8omYsoqVthjeOv9oAudeHrDvp09ffE0P0y5DDL7Y3H0aGrusd70RzA93eKBfSECLPVLloJVXZAp/ynogQtvLcAWziMMHNt/bw4RYUtZdwM1WyLCIHpNtV57x05/uOOroHv4jtenefAHAGu4R2ChWEIhn0cmxOkeK8JpeW/DjkUNhKQha1hBMdjflaVKuQMgTHVuimf89Gwae3r6wZ9xnAf2AQQ5+GcsWAdl8J8GexresdmLOI0rrKZrNPykX8jlUSoUkc/m0jz4AwCB+U/XDq2+dqc/POVR7h5uvwqEP0aKB//tNpOBUrGIQqGAbDYT2Dlsv5NghMV5mKHX43H6IWlIEVTwlRQfpkr5r037w6HsT4jILLHzwL4NwMODioVyGb/lctq7eYaBAW9tI9IywBkrAwro2B0RIWtlUcgV5mXQ347A/La1Q6s/dcofbF0C6Dbb50DRTQD2RRldXPn9pF24njfdp2oCCrm8kUZBlMvAKsWqcEWieOuDQMsIT10qOKGFgWYp/BN0qV+Vz8KqlOboI02wvGM9I4mopz30bRvTPImIFDLKn95XkvRtOgaiS6r12l2bXzj5kSH6K8jgf4JSCrlsDqVCEcVCAdlsdvw3YoODPzDsjpeCTWSmWAv5QMsqq3zmCaTomxP/IAO6n7xZAN23p9tbo/mbcNzLgopDlXKwqjL4T0v3bGOzUJayUMjlMO4vT5FCNpNFMVdAKV9ALpuVwf9k+8H87q1fOPHodA+3Xzrs3Cd24CcDWT8ZKPrJwI5PLvI3/ZUKReMtgkMvfZtyqpgLsvtbUZXyHoCJ301130lUnQcetpCdgs1920VAdf6tcgHWvmRvojSJHQ/ecQOdVbewlIVSvjBcRj01EVCkkMtkUcwXUMwXkMvIoL+H560dWn3x5n8QM/vNfBTdBeBsg4ElEjNDM4OZoYhi9+SjjEptc5moaNuduYztJnb1dbo3ealgq1xITCtav3/85A1jeGBfCy+YUr/W/iJUUZbAZuEe6UbWTXNcWmtoZhARFFHSj+qZcheIzqnWa+yPVoSrIIP/VIgIllKxXWtiV8sswIzUsCVsENPIlFHLlLVWJ/25JC0DTBWr630Fnp593Z8IVnVBBv8ZsePFbvAH/JlY/9ieksF/eo8E8FzgxBIAvdxgMCJkOkVlZU2hrOXPpMz+pkOqkD0PRPdN8kPsamgn/r9H7bhgd8KEk/k+tp3zMGuKtVngR1pizyzJp0/EGBgvBwA6ft3XK1B0DwCZJ04pylrS5SwgrNmf3p71SBTzzV53sIQJBr0kFAaaovAPc29wE5gfP8t9yVKwDixIKeyAuGsb4IFUFk2xHojOViD8MGTwTzeZKgsMqYAKBhFdMmmp4LgXBpqm8M+w1O9sg3/GgnWwLIN/gJJ27FRMrAjgBxVAS6YjEeGSF3OwHioYNNspD8paTyZL3TrJz8R5anbi2Dx9C1xvpj4jDxX4ked4oCSZSj/GJQpAKG02RUwQgfLJ2D2eJESAVc7P2lI4o0q5Cghjt1fTAyeWpZ5ZM/QkU8aMLg/sCoCpH0BVyCJTXZAZrhBYxRwgSVXK8WMVCOeZDkOERxWz8v4YIquUg5otwXq4KuVvG/u7OZ5dH3XfmajwDw/sWzDDySNVykt1vzANl7pEqj1GATjHdBQiBIqgSnmo2T6hijGoYnamY2ek6ImUyzTH/X7dt2NVGMgv/DPB9L/jXgetnzzt/ax9BVj7ZHAKmyrmYFVK0j8hvc5TCL0ZrogSWQqqkIW1rwiVm6uGF0apfGam/vIqn3kCxi0VrHn6LnshYNsd/1SE5m+y41467b2sSmmmx1lMRhWyyJxe9je+zrjnRcSOzgA4BqBqOhIxJSJQRoGyFihjyWYog1TOAqkCvPUBMPkn9KJVyntet28D2HM6QffsWZceAjPB5j+b+7aDaUr9EiFTLc2650JMgwhqIQ+1kAdrDR644MGw10iMZqLExNY2EwCRJET+YJPNSG/zmPFLL+fhdadIAgjnq2JurFLBm4WBVNbsgDhJ4R8e2F8CePJSv8MCP/IJ1DxSClTMAcUcLAbYcaEHDnTPkWQgedYUJAFIFMpnTtQ5l8E/nshSsPYVppqNGZYKvn6c79U985sBx47B9VanKfVLlkLmYFkG/ziiYdvxfUVkz9gn5ZeT56gCo206CjEeVcjCKuZkV38CkCKofVMVDCJVyJ4Lovv3+kbThYHGLvzDfD/bzrmYcM8+ZaXAT2IQ+R9M5ORAgtDXFcBXmw5DjEFRYrrBCR/RsGBQduJPr1VrIXcvxtiga7Iw0Jj3Zu7b9wA4MMm1KZ/xp/1lT0uiWKW8JGxJQbhagXE1gMl7d4pIxWXDl5gMEWAtTFEwiOhx45QK1gPHyJFA5vEK/0xT6lcVc1LgJ6kIckojGXoAPqHKy4sbYHzedDRiNOlwlmxWKTfxDM6wVPDoIkGGCgONVfhH61snLfWrFvKwYt7wSIymijlJ3uLvmmq91hvO1fCHzMYiRPqpwsQFgzKqlNu3V6lg3bPBEZbzYPDe0/+MLvftfZig1K+1ryjV59JAxv74I/oQAPgJAOOvAHzdZDxCzAOVz0BN1pr5bFXKj24YpBk8iK4wEA/2LvwzLPX7iLEuSJsFfmQXeWrIkcA4ux3A3wDDBKC8vOiC+Q1GQxIjxan0q5iNylr+J90xp0lJ0ZP2KhUc5ZHAPe81SalfImSqC7LBNUXi2KxKbEH0hmq95gGbMwAAylcsfgSMzxoLSozEjmc6BBGgzYJB43ZcU/nM46Hov3f7c3Y96AieI9rxwO6I+2j+b3bcJ4x1MaX8Vr5S3S9VeJKukCJqn67Wax/b/I+Tz2swvxaA/PZiSPfN7PYW4SFL+TXWxzs2VbJKeRsjXp9RHAnc4x4O9+0+gNJe16HMcPCXAj+pwpqh1wemwxA7c0D0uq1fOOmdp7y8eAMY/yvamMRYNEN3B7K0ljKkhrUCxqnqSFhUxdyXd/vjsAsD7VX4hwf2FwF+7F7XoawF64AU+EkdZnhr60aLU4kRiN5crddu3PqlU1+BzG8F4z8jC0qMjT0N3e3LGlvKEAFqYbyCQZRRy5TZvVTwRG15JzTy2t54pX4pn0XmQFkK/KQMexrukXVZqoyvzwD4g+1fpJ2mlbvN9sOh6KsATo8gMDEpIr+4jPQCSB1vwx6nvO5RrzvwwHzq65PIn1oP+Bw2M8M9sr7z7m7mB7g3UAAOjrqGKubkjH8KsePBXVsfvyW0iNr9IHpCtV67Z/sf7DiClJcXvwPmV2KMUqTCAGZ43T60Ldl22oxZMOiAVcp9Bzu9PplDKQzkF/7Z8e2AuW9/G3sN/gsFGfxTSPcduEe7MvjHF4PoFTsN/sAuCQAAlK9Y/CgYfxleXGJWemNgpAqcCJcqZPc+E6/o8buVCuaACwMxGLzL5r9hqd+Ru/6t/UX/xINIFa/bh9fZkI+JsUbvrNZrH9/tT0fPIfunAm4c+T3CKN134K3L5sC0UbkMrIX8yKpqlLWeRJa6ffvXOeDCQDxwd953ovVtcL0rdg+QYFVL0iY2bRjwOhuy2z/+bgDhl0d9w8gEoLy8aEPziwCsBxqWCBQ7nmwOTCHKWrAWRhYMyqpSbgF06uszyMJAO16Lsc59ewHAzusVipA5sCBNrFKGNcM92pWZx/hbB9GLqvXayF3Be+4iKy8v3gLm1wcXlwgDexpety9HcFLGLxhUGFUw6BGqmL9l+xeDKgy0W+EfHtg3A3jkTj9DlvJ3+k/eBlnEGLsevAe7stM/CYheW63XRjcSwxgJAACUr1h8NxjSMCju9HBzoLxAU4UsGlkwiCx6EuUyh7d/PYjCQDtew3Gb0HrHqX/KWLAOLsgJlZTRA8c/5qflA0b80Qer9drfjPOd479KmX8SwLemDUlEhAG9LpsD0+ahgkE7f6pW+cwlUHTX1q/NWhhox8I/mu9ix33cjjHmMv4RRCWDf5ro9QG8tQ1p8JMM3wThleN+89iv1PLy4jFo/jEA0bUdE1PTfQfeRvilYUV0iACrnN9tan3BKuX72FYqeJZEcIefdbhvbwBY2P4HqpBFprogfeDThAGv04PX7ZuORIzHBdFLqvXasXF/YKJUvby8+Dkwfm/yuIQJbLv+vgDJ3FPFWshD5XdooEN4zPZSwdP2kOAd6gnwwPkiwBds/15VysGqlKQPfIr4m/3WQ60sKYJGv1Ot166d5Ccmn6tj/m0A10z8c8IIdjW8432wJ0lAmqjizgWDhqWCbzjxBWbwFLMAvL3wj+ddD887pdSvVS7A2icFftKEXQ3vSBfsyGRvgvwnCG+d9Id2LAW8l26z/QgougHAaRP/sDCDCFYpJzuzU0bbLvSpSz1HvO6AwXwaAJBS/sa8Ma/JALytG76YH+TeANj2erf2F+WMf8rogTss7iMfGBLkARBdWq3Xvj3pD061W6e8vHg3mH8KUgMqOZjhrQ+gAywQI8zbpWDQQauU+zaGr0/WeqIe7Txwtu72Zu7bd2Hr4E8Eq7ogg3/K6A0b3tou/R5EXDGIXjnN4A9MmQAAQPmKxQ+D8dfT/rwwQ/dseBH0jRfRoazl1wrYugFP0eNV/qFSwZMUBtr6vcNSv5duue6wwM8OexBEYnnHevCO90yHISZGf1Gt1z467U/Pdl6H+dUAbp7pGiJyPHDhdaV8cJqQpWDtO7lgEOUeKhXM7s4FfbY76fu2lfolSyFzUAr8pAoPN/vJh4IkuhGEX5rlAjMlAOXlxcGwVPDGLNcR0WPXgz4u5YPThBTB2ndSwaCTSgWP8ya/5XtOKvXrF/gp71qMSCQPexruke447adF/GyA6Eer9dpMDRlmfjWXlxdvBvMbZ72OiB7r4QkBV6p7pQXRKQWDHqGK+Rbgb/AaVcmNtT6xR4T7D5X6fajAj5zzSwu2XX/wl9d+MhG9vlqvtWa+TFBnxLuH7/goCN8fyMVE5FQpB5WTdd008TbsE5/u9MA9zLZ7hSrm/E2DO33/+sCfAXC8JjvOMuAX+LH2yxn/NNE9G94xWe9PsA9Xr7r8BUFcKLj5POaXAbhrr28T8aQ37EA7yAnzrFLuRDe+zVLBuxUGOlH4h/kudpzHAYAq5aXAT8p4x/sy+Cfbt0D08qAuFlgCUF5ePArNL4WUCk4sPXDgrcvmwDRRxezmcb0Fq5TvgdndqTDQsPCPy317HcCCta/gbyoU6cAMd20demOmJWNhlguiH6vWa2tBXTDQHT3l5cX/BOMPg7ymiBY7HnRXNgemicpnoEp5gPBYVcx9Ufedkwp4MIYlgwdOE+ALrUrJ/36RCv5mv3Ww1ABJOPrdar32uSCvGPyWXubfBDBRPWIRL+zJ5sC0UTm/VgBlrWUQfXXrzm+2XbDt3ACtn5KpLuxYYlgkEzvecLOftAhPuGtAeEvQFw1sE+BW3Wb7HCi6HsCBwC8uIiWbA9OFPQ1vfXBE9xxk9hcPAoC7tn5Ed/ucOVA6bbd2wyJ5dM/2i/vIZF7SHRmW+g18j10oh3rLy4vfAvPPhHFtES29Yfu7yeVNJBXIUrDKhYNWIfvtzaI/3LPvzhxckME/LXhY2e+YDP6pQPRTYQz+QEgzAJu6h+/4GxBeEdoNRGTIUlALeTkLnhLMDN0dXO91e6zy2Zr8XtOBPQ1vbUOm/FOD3l29qvaqsK4eblkv5p8HcGuo9xCR2NwXoKVqWOIw+/3d2dXQtgc9cFmv9e7UPTujclnoDbut1wes+46/H8DT0hAmgXTPhvugrPenSAuE14R5g1BnAACg22w/AYquAyBNw1OCMgqqmJOysDHAmgHN/tn+7f+f2f9z/zWuue98TW8MjkNh0SoXD0BroJADKQVvffAA9+3b2XEr8PRFACwQgSwClAIpBVjk/1uR/7tXw/+WyQOj2PXgHeuBHRn4U6QHoiuq9dpNYd4k9AQAALqH268G0Z+GfiMRKZXPggrZk5rQiWDsNKCfGMz1SQP7KC737dv1ht1jx10kS1XVvsKJ4kB6fQAU8rBKfltfbbvQ6wOwpx+E1rez45XheRcDGL0LdDMR2EwQLOUvFSm1JYGQJ0ngmOF1B3K2P42IfqFar70r9NtEkQAAQPfwHR8H4apIbiaiQwSVz4ByGXmTHwMztn061ycN6Juf6Gdgc8++TW8MHHa9xwLYByJYC/nNWgAnuGsboGIemf0PTc5tVgTUG/ZmgtGB5lvYdfNwvSUAUxcIOGnWYDNJ2J4sSDa5J/Y0dM/2yzZLvY40+lj1qst/IIobRZcANNsHoehGAGdHckMROcpa/qxAZj6XBkZOx2sGsw5nV7ZGT/fs27k3YPa8C7FluU0Vc35zoB2SM+f+Y6BSAdmD5R3+Lhp63YYenFQ1cB2ab2LXzQyTgeCX9U5adthMEGTZAfDrNeiNU34nIl3uAtETqvXa0ShuFlkCAADdZvuZUPQfAOS8UYqRpfwZgVwmFR/oApqOD5bmDd0b3K57NsHTFwI4qW4vZS1Y+4qg7M4vNfY03AeOg0qFYae/nZM2dj143cFOG8t6YL6JHQ/w3CUwFgL4W41v+7LDiQQhZcsOzNA9B7o3kMJc6eeB6FnVeu0/o7phpAkAAHQP3/H7ILwp0psKM4igcpafCMRww+DJ0/H65Kn5rZ/e40LrY3rD/rru2VlofRGAU0v2KQVrX2HPan6678DrbIBKfs3/zX0Bu37/sE/ELo+HDeYb2fVcuN5FYK6M/5cK18nLDpvJwpYkIabLDux6w2l+R05kzA16a/Wq2m9GesfIE4BmW0HRtQCWI72xMIv8T2iUGa7/WuF+Qhs9Ha/9/5+E91Wtj3rr9h3ct4vQ+kLsNntGw+59C/mxBjTveB96YwAqFTCqRfBWzOxPQfftUY+dC+ab4Oo+u+4FYD6454VNIzp5P8JJ+xLCX3ZgT4OdYVGm4b9jlXiKKFwLoqdX67VIp3kiTwAAoNtsPxqKbgAQm08KwoDtScHmmyzRjmPYiUF729S78en4oHn6AW998E0eOAvQ+gLsUa9D5bNQ+woTzbK4R9bBjgsqFUBZC5lKaeyfHZYTBu9dE0KD+WZ4usuO+xgwnzH2TeJI7XAMcnPZQRGgaPjcpVOTBeYTM04nKjDKYC98a8N1//+O+sZGEgAA6B5u/yiI/tnIzUUybGYBSR/Qx+Hqe7yN/l3cdypgfgzG+LxJGQvWvgJoil4Nzn3HAGZQqQAQkDmtDJrwI652XOjuwC8ctDcG4xZ43ho77nlgfvjEQSfJMJE9kbAKsRuiH6nWax80cmtTCQAAdA/f8fcgvMxYAEIYxK73bb0+uJsHzulgPm/sH1QEa6EANTy/P8V94T7YBQA/AQCQqZYwTS8ABsA9v1/EhAPd7XC9+9l1z4HmR018YyFSgf62elXtlabubrbNG/PPguipAC4wGocQEWHH/ZZet+/lgXMmwI/GhMdiVSkHtbDzsb7xYzi1Yhy7eqoEgABQMQcqZKHXB9D9sY+oXYCMdcHwnm14+h523LOh9fiJkBDJdisIv2AyAKMzAADQbbYvg6IvYNsxJiHSgm33Dr0xeJAHztkAHjHNNSiX8af7A+jY5x3r+UVk8NAMgCpkYZVnfwmy6/n7A6YvS/tNePoudtwzofVjZw5IiHjqgejKar32VZNBGE8AAKB7uP06EL3NdBxCBITZdr+uu/0OO+6jAJw17YXIUlBjHNObhPvg8RNnyjcTALIUMgeCO8q/pazwLJe5G1rfyY57Ojx9Aeay/I9IJaLXVOu1PzMeRhwSAADoHr7jEyA813QcQkzpRLMddtxzAZw+09V2Kd87M2Z/A+DmbUoPferPnFb2d7AHdqvNIjYT7w/Yyb3Qun1SsyIhkunq6lWXP990EIDpPQBbMf9PEN0IIN27g0WanNRsB8CFQVxUFYbH+napzjeLUVPz7HqgbHBvCUQEq5SDKmR2Kis8qbOg1FmUzwHAZM2KhIiPb4PoJ0wHsSk2MwAA0G22nw1F/449zj0LYZDNPft2vTGw2fUeA2B/UBfeq3xvEPT6AF63/9A9t8wAqNJDnQHDwM5wf0Cw/erXoPlWdt3CsD9BeH8BIWbjgeh7q/Vaw3Qgm2KVAABA9/AdfwTCG0zHIcQJjL7esG8bNtu5AMD4VXPGoQhW2a/IFzZ3bQO85ZP41gSAcpmTOgOGRfcdeBu7lhWeRReabw61WZEQU6Pfr15V+zXTUWwVvwTALxV8HYAnm45FzDG/2c7XdM/GTs12AjFh+d4gOPcfO2ng3ZoAQNGOnQHDcKKs8PA0Qgg2mxURPPfiyJsVCXGyJoieGnWp373ELgEAgG6J60m8AAAgAElEQVSzfR4UrUJKBYsojdNsJyCUz/rH+iJskrTZAfCkOEon5zWjOgOGFdOYZYVnEdtmRWIurIGoVq3X7jQdyHaxTAAAoHu4/WMgeq/pOETKPdRspzAc9EPdXU4Z5a/zT1G+d1abHQBPimdbAjBOZ8AwBHRscBzJa1Ykko3oxdV67X2mw9hJbBMAAOgevuMfQfifpuMQKaP1A153cCcPnPI4zXYCQcN1/hA32e1lswPgVtsTgHE7A4aBweCeM01Z4Wmlq1mRiCH6h+pVtZ80HcVu4n18hvlVILoSgFQEE7M5tdnObOf0J6CKOajybOV7gzBOdb6Ad+hPhEB+WeF8FnpjorLC01IgejwyFihjMRituWlWJKJwGwg/ZzqIUWI9AwAA3Wb7cii6FoCZjyUisbY02zkNzOdHff8gy/cGYbMD4FbbZwCm7QwYhgDKCs/iNrjeA9KsSEypD6KnVOu1600HMkrsEwAA6B5uvxpEf2o6DhF/OzTbiRxZCqpcgCpEv5a+m60dALc6JQHA9J0Bw6IHDvS6DdbGNlBvNit6BLQ+11QQIkGIfqFar73LdBh7SUQCAADdw3e8K+7TKcKMIJrtBIIIaiEPK+jyvQHQPRvesd4pX98pAbBilrwAm2WFh8cGzb5lSbMisQf6s+pVtdeYjmIc8d4DsBXzLwB0LgjPMx2KMM5vtrPe77DtPgrA+cN/jFGFrL/OH+GxvklMMo3u7wOIVwLglxXOQ222HR6EemxwlEfDUo8mKwcAd8PTd7IrzYrECR8H4bWmgxhXYmYAAKDbbJeg6PMALjMdi4ic5oHzNb0eULOdgFDGgrU/3PK9QdjaAXCrnWYAgu4MGAbteNDr/R3/ToZIsyLxFRB9V7VeO3WqLaYSlQAAQLfZfjgUHQbwSNOxiNBtb7ZTNR3QCRGW753Ztg6AW+2UAADBdwYMAwPg8MoKz0KaFc2fb4FouVqv3WM6kEkkLgEAgG6zfSkU/RcCbMQiYiO0ZjtBUaU8rHJ05XtnxbYL9+j6jn+2WwJgVYpQAXYGDFMEZYVnIc2K0q8DoqdX67UbTQcyqUQmAADQbbafB0UfQdwWK8Xkwm62ExDKZ/wqfjFd59/N9g6AW+2WAITdGTAMEZUVnoU0K0ofB0TPr9Zr/246kGkkNgEAgO7h9s+BKPZHLcQOomi2ExDKKKhyESqfjE/E223vALjVbglAVJ0BwxBhWeFZSLOiNCB6VbVee7fpMKaV6AQAALqH2z8PordDZgLiz2+209Z9OzMc9OP9EZMIVjkPVYzfsb5JbO8AuNVuCUCUnQHDYKCs8CwGYL6JXc+D610ozYoSwQHRq6v12l+aDmQWiU8AAKDbbD8Hit4H6R4YP1qveet2O6pmO0GJS/neWe3UAXCrXRMARN8ZMAysOaqywkHZ2qzoQjAfMB2QOMUaiF5Urdc+aTqQWaUiAQCAbrN9CRQdAmCk+pvYwkSznYBQNgNrf3zK985qpw6AW41KAEx1BgyD4bLC09JgvgmeXpdmRbFxJ4jq1XqtZTqQIKQmAQCAbrN9BhRdDeAK07HMnVOb7STqo3Mcy/cGYacOgFuNSgBMdgYMi19WeACO17HBcTAYt0izIqOuG274e8B0IEFJVQIAAN1mOw+i94LwQ6ZjSTvTzXYCQQRVysFaKCQsZRmPe2Qd7Oy+K35UAkBZC5lKLA9kzCRGZYVnIc2KIkXvB+EnqvXa7tl0AqUuAdjUPXzH74HwJqTybd2cODTbCUrcy/cGYacOgFuNSgDi1BkwDKy16bLCQfk6PH2vNCsKBQP01upVtd8yHUgYUpsAAED3cPslwy6CsSgbm1Rsu9/QG4MHjDfbCQhlLL9Nby6Zx/rGtVsHwK1GJgCIX2fAMMSwrPAsNpsVnQWtH2M6mIS7b7jT//2mAwlLqhMAAOg22wdA9CcgvAwJ2oxm2PZmO2eZDigQSSrfG4DdOgButVcCEMfOgGGIcVnhWUizoul4AP0dCG+s1mtrpoMJU+oTgE3dZnsZiv4CQM10LDEVy2Y7QUla+d4geMd6e5bH3SsBUIUsrHJsazQFLuZlhWchzYrGszos7nPYdCBRmJsEAAC6zTaB8Isgegvi1FjGnPg22wkI5YblezPzN/mzWwfArfZKAJLQGTAMCSgrPAtpVnSqNRD9FoB3Vuu1uRkU5yoB2NRtts8A0dtBeDHmb1kg9s12AqEI1r7iXExf72hEB8Ct9koAgGR0BgyLHjjw1lO1LLDdvDcrYoD+GYTXVeu1+0wHE7W5TAA2dZvt7wHRm0H4HqQ5EXio2Y5mz7sQMW22ExRVyELtKya+it8sRnUA3GqcBCBJnQHDwJqh1/tpOC2wl3lqVsQAPgui36nWa581HYwpc50AbOo22xeA6DXDGYF0lN48udnOBUj3i9mnCNb+UmKb9gRpVAfArcZJAJLYGTAM2nb9xzS9swFbbYD55hQ2K1oD6L0gvKNar91uOhjTJAHYottsF0B4GYh+BsBlpuOZWNKa7QSIshasainxteuDMqoD4FbjJABJ7gwYNNYa3rE+2E1USeFZpaFZ0SqI/hLAP1brtb0z4zkhCcAuus32lSB6NQg/iBi3qk1qs50gqWIO1r6iHHLaYlQHwK3GSQCS3hkwaMwM3R1Aj5FgpVCSmhX1APrQ8NN+03QwcSQJwB66zfZBEJ4P0PeAcCWAC2F2v8BxML6i1/trumefD60vMRyPUda+IpRMT59krw6AW42VACAdnQGDpnu2v0Fwfmkwr7LrteG4pwN4EsxuKvYA3ArQtSD8F4BD1XrtqMF4Yk8SgAn5hYXwTICeAcJTADwB4U613wvGYQDXcM9ued3e08H8MqSlOM8MrP3FuSnqM4m9OgBuNW4CkKbOgEHSfWesvRZz4G4Af822cx08fQmYnw7gSgAPC/GeNoDrAfr8cMD/bNoL9wRNEoAZdZvtAoCng+gp8AflMwCcDsJpAE6Dv6lwt133HoAOgKMAjoJxBMARAA8CfBMYnyovL3597dDq94H55wE8F3JmF8CwQl3KOtUFZa8OgFuNmwCksTNgULwNe+zHew44AD4C4M8rK0ufXTu0ughgBYxLAJwO8EE89L54EH7tkd2WLTcAPAjgAf/f9ACA+0C4F0ATwOdlPX82kgBEoNtsL8DPhB8GIAvgXgD3AThSXl7c8Rewdmi1CuCVYP5p/P/t3XmwZGd53/Hve7r79h3NQLciCZSqUDaRHKLGxLQcS2ZxRBoIFC1whDBVKGUTysViKV6SihI7iNimDAleoEKxKJgiZi0hCGJRi0iQZnNAAol2UFWDjCUNVlwSEpK6Z+Yu3X3OefPHuaOZuWsv5/R7lt+n6lZpmdv96KrvOc953+d9HviZZcWaBd5ZVUpPSm9ZhmsHTQA83bQJQF4nA8YlWBvlsXvgovrA+4CP1lqNXZtSDDo9Q5QMnAc8BfCJro8P1dvN6ZaxZG5KAFJm0Ol5wG9j7R+Q1yY9C/AOrVBSRfq+DpoAeLppE4C8TwaMQ3Bik3CzkIWBBxkAvwd8oNZq5GLiUl6oqidFBp3eJVh7J9a+E938dzDVim7+B7B+MPXNf7YXBvIxLS8x3pH8T5icUx14P/DNYbefvePVOaYVgBQYdHpPxvIOsK+ngMf4pmFWypTrh3XU7wDTTAA83dQrABRnMuAirLUExzawk0L1CZhFALwb+M+1VmP/WdWSOK0AODbo9K7C2nvAvgnd/HdlyiXK9bN0859CkjeegjW/mYsxhtKTizl8akol4N8C3x92+690HUzRaQXAkUGndyHWXg+80HUsqWZMtPdc0gV1GtNMADzdLCsARZ0MOA8bhviPryezHZMvHeDf1FqNo64DKSJdVR0YdHq/jrV3o5v/gUqHq7r5T8vamW7+M798EKIHhukYz1ODqum0gf6w27/KdSBFpCvrkg1u7r0daz9ImtsLp4Qpe3hn6ez5tJax76xtgOl5hypKXqdzCPj4sNt/i+tAikZbAEsy6PRWsHwU7Ktdx5IV5bMPq6p6BtNOADzdLFsAoMmAswonPsFw+qJM4cPA62uths5TLoHS0yUYdHrnYO1XdPOfnrda0c1/RqFWAFLHq5Q1nno2rwVuHXb7aR4ylBtKABI26PR+BmvvAJ7rOpbMMAbvSTrvP6tpu/8t9B5KAGbmHa6C0RGWGfxzop4BT3cdSN4pAUjQoNO7DGtvBy5wHUuWlI6sYjxdMGdhg3Cq8b8LCy02VEOgWRjP07bJ7P4xcMew2/9F14HkmRKAhAw6vVdj7a1EAy9kSqZcUvX0HJbZeEZNbmZnDq2oN8DszgO+Muz2X+E6kLzSJzIBg07v+Vj7YUAl7DPSkJ/5LDUBUEvgmRnAO6zP9hxWgRuG3f4lrgPJIyUAMRt0ehdg7U3omN/MTKWkwr85LTcB0ArAPLxKCVNWs885HAI+P+z2f8p1IHmjBCBGg06vjrUd4FzXsWSRd0gLJvNa5k3Z+gEWHR+eh3dIsxTm9FTg5mG3ryFpMVICEJNBp1faevJ/hutYMskzGjQzp8QmAO75hmgy4JzMShlU4DqvnwU+Oez2tYwSEyUAcbH8OfAC12FklXdoRcN+5uSiKE91APMxxuBVlegu4KVE0wQlBkoAYjDo9H4X7Otcx5Fl3iFV/s/LTQKgOoB5aaVrYVcPu/3fdh1EHigBWNCg03sV1r7NdRxZZsqeeqYvYBkNgHa+pxKAeZmSPu8xeOew27/cdRBZp0/hAgad3vlbg330c1yA0ZLo/BKeALjn22oy4EJ02mVhHvCRYbd/nutAskw3rkVY3g3UXIeRddoTnZ/LJ3FtA8xPCUAszgb+1HUQWaYEYE6DTu9fgP0V13FknmcwFRX1zstpAjBRIeC8TKWk0wDx+LVht3+Z6yCySgnAHKLRvva9ruPIA09PQgtZxgTAvWgFYH6GqDGQxOL9w25fy4hzUAIwD8t1wIWuw8gDLYUuxkUB4BPvrQRgIaaiz35MLgL+vesgskgJwIwGnd6FYK91HUdeKAGY39ImAO5FkwEXoq2vWL1l2O3/tOsgskYJwKysvR71+Y+HZ3QcagFpOIqXhhiyypQ81QHE5xDwHtdBZI2uvjMYdHqvAV7oOo680P7/YtJw81VHwMWoDiBW7WG3f4XrILJECcCUBp2eh7XvcB1Hnmj5fzHpSADcx5BlqgOI3Z8Nu33d16akH9T0rgSe5jqIPNHFbzFpuPlqMuBiVAcQu6cDbddBZIUSgGlZe43rEHLFM5iyPn7zWvoEwD0DQZMBF6A6gERc7TqArNAVeAqDTu8i4J+5jiNPtP+/GDt2//R/UhpWIrJMdQCxe8mw29cx7SkoAZiG5TfRsNpYaf9/MXbs7vz/dmGKkpEs0lZY7AzwG66DyAIlAAcYdHpngb3KdRx5o4veYkKHDYC2s5NAVQALUB1AIl437PYPuQ4i7ZQAHOx1aOBPvLT/vxA7Cdw2ANrOWtA2wNxUB5CIs4HXuA4i7XQVPoi1b3IdQt5o/38xaVr+P0nbAItRHUAiVLh9ACUA+xh0epcBP+s6jrzR8v9iwtHEdQg7uJxJkAfaBkjExcNu/1LXQaSZEoD9WP616xDySAWA87NBmIoGQNvZSRDNJpC5KClOzGtdB5BmSgD2ZZ/vOoLc0f7/QsKNsesQ9pTGlYmsUB1AYl7gOoA005V4D4NO73w08jd22v9fjN1M703Wbk50GmABqgNIxEXDbv8810GklRKAvWnoTwK01Dk/O/ZTvcxuQ6tagAWoDiAxauK2ByUAe7Fc5jqEPNL+//yCtZHrEA4Urqd3iyLtlBwnRgnAHpQA7En7/7HT/v/cwpGfyuN/29lJQJiBONNIdQCJ0cPcHnQ13sWg0zsHeIbrOPJG+//zC09suA5hauHaSBMC56RtgEQ8a9jtn+06iDRSArC7FvrZxE5LnPMJ18fYDE3cs0GI3UhvsWKaeWUlAAnwAK3o7kI3ud1o/z8RZkUXt5mFlmBt03UUMwvWx9g0jCvOGK0AJEZ1ALtQArAr+zzXEeSOZzB6uplZsDZKV9//aVmrgsA5mHJJdQDJUAKwCyUAu/tp1wHkjafl/5nZICRcT3/l/17CjXGqjy2mlRLlRKinyy6UAGwz6PRKaPpf7HT8b3bB8ewt/W+XhaOLaaOGQIk4e9jt6we7jRKAnZ4KaA0uZtr/n40d+9gctNa1Y1/HAmekOoBEGOBc10GkjRKAnZ7iOoDc0f7/TGwQ4g/XXYcRm+D4prYCZmDKJTB6BkmAEoBtlADs9FTXAeSN9v+nZ0NL8PhaNgv/9mItwbENbJ7+mxKmVYBEaCbANkoAdtIKQMy0/z8lC8FgLZdPyzYICY5v6GjglFQHkAglANsoAdhJCUDMtP8/neDYOnYSuA4jMXYSEJ7IfmHjMmgFIBFKALZRArCd1T5RrLT/P5XgxCZhikf9xiUc+QQZPtq4LKoDSISu7dsoAdhJWWKMtP9/sHBjTFig43Lh+rgQyc6itAoQO13bt1ECsIPVhyRG2v/fnx37BMeyM+gnLsGJTcKJjgfuR3UAsdO1fRslADtVXQeQJ9r/35sd+/iD/Bz3m1VwTEnAfrQCELtV1wGkjRIASY7R/v9ewo0x/uNrUOSqeGsJhhvaDtiD6gAkaUoAJDGmpI/XboITm4Vc9t9LcGJThYF7MCUlAJIcbdBKcjTV7ExbDXH0xLtTuD6GIMQ7sorRU+8p+llIgpQASGKsn98z7bM6WeyXxyY/cQlHPtZfxzuyqgK4Lfq8SJK0RivJCS226INgbLTE7T+ezw5/cbNBSDBcJ1gbFb5rYDgJ8tUSWlJHKwCSqODYBuVznjTXfEUbhBCET/SQ96qVTM1ptJMgeurXSsjMwo0xduJTOrKaqUJSi8WOAsBGTbA8b65aGGutuiZK4pQASKJsEBKsbVI6Mt0JHBuEhJsT7OYY65/5xBx4Bu/QCqXDq+lOBKyNzrmvj11HkmnWD/EH63irFbzD1VTXBljsqQZH257aTcnDVMt41crUyUC4MdaKkSROCYAkLlwbnSrw2uUCaEOL3ZwQbo7374Uf2ui1QkvpyYcSjHh+4eaE4PgmhLp4xyXcnBCOfUqHV/Gq6bxkhSdGexZ32iDEro8J18eYcgmvWsZUK5hdimRtEEaJxEiFopK8dP42Se6EmxPCzQneoZWowYlnwA8Jx/7MdQLhxhhT9vDOSk/Ppiem3Y0KXvOQlNASHN8gHJUpHalivPSULwUb07c2tn5A4AewNsJUSphKGVP2onoZP9AJEVkqJQCyVOHGGGI4Ah+sjVOTAITrI4ITo2I39VkSO/bxH/fxzqriHapgUrAXFG7Mt9VjJ0Gupz9K+ikBkGwKQ2wQOm02pCI/R2y0rWRHE+dFgjYMVakvmaUEQDLLTgI3CYCK/FIhDUWCeoKXLFMCINnlYMk9KvLb0FNfipwqEqxGR0WXSR8DyTAlAJJdS3ziU5FfyoWW4Pgm4ShKBJa2MuS+BEFkbkoAJLuWdPEN10YEayryywI79vEnSywSTHFvApGDKAGQDEv24qsiv4w6vUjw8Gp07FREdlACIJmV2MOX3VpOnvN4l6SD9UP8YcJFgloBkAxTAiDZlcDFV0V++ZNkkaDu/5JlSgBE2CryO7ah6YV55apIUCTFlABIsdmtTn4q8iuEJ4oED1XxzkpHJ0ERV5QASGbZIFyowEtFfgW1lfTZ0QTvyCreIp8hTeyTDFMCIJllxz6szrGnG2518lORX6HZICQYrmMXKBK0YyWPkl1KACSzws1JdOGeYT9XRX6y3bxFgjYICcea3ifZpUoYyS5r8R9bm2oZ1gYh/uNrBMN13fxlp60iQX+4Pv3nabiuVsCSaUoAJNvCEP+xE3vv41sI1kb4jx5Xhb8cyE4C/MEawfoYu0dRqPWD6OavRFIyTlsAkn2hxX/0BKbsYVYqmJUS2OhCHW6MdaGW2WwVCYabY7xqBVP2wBjsxMeOAxX+SW4oAZDcsH6I9Uew7joSyYXQqlBUck1bACIiIgWkBEBERKSAlACIiIgUkBIAERGRAlICICIiUkA6BSCxsNYShAEWMIAxhpI3f491EYkEYYC1Fmuj8cMlrzRX22KR7ZQAyELCMGTsTwjCkO1t0TzjUSmXKZf0MROZlR/4THyfMNzZd6BUKrFSruB5WsSV+enKLHMLwpDN8Yi9+qGGNmQ0GRMEIdWVleUGJ5Jho/EIP9h70FAQBGyEAasrVa20ydyUPspcgjDY9+Z/Oj/0GU3UUEVkGqPJeN+b/xMsbI5GBKEmEsp8lADIzKy1jMZjZpmE4ge+LlQiBwjCAN+fbWbFaLz33AKR/SgBkJmNJmPsHGPQpnqqESkwf6+hVvs4lZCLzEYJgMxk4k/mfpL3g0DTU0X2YIlWyuYRhAETfxJvQJJ7SgBkakEYMp5xefJMFrRUKbK7BX83xpOTp3FEpqMEQKZisVuFfLqBiyQihrP9o/FI9QAyNSUAMpXxeIK1iz5dGDUwEdlDHL8Z1lrGOnEjU1ICIAfyAx8/XGTpP1Iu6byyyH7iaJrlB8HctQRSLEoAZF9RM594iosq6ggosq9KOZ7fkdF4TLjwip3knRIA2des5/33UvLKaluaPpvAhusg5BTP8yjFtFKmo4FyEF2RZU/jSTxPEcYYqpVKDBFJzB4DHnEdhJypWlmJpVYmDEPVA8i+lADIroIgYBLTPmK1UlXxXzo9ihKA1DHGUF2pxvJaE98nUAMu2YMSANnBWhtb7/5KuUJJS/9p9RjwE9dByE4lz6MS06rZaKJWwbI7XZllh3lb/W7nedHIUkkr8xO0ApBacY37jVoFj2KISPJGCYCcYZFWv6czGFYrGgGcco+gBCDVVleqsTQICsJQrYJlByUA8oTFW/2eshJTIZMkSglAykUFtPEk0moVLNspARDg9H3/xZf+y6Wymv5kgeEnqAYg9cqlEuXY+gOoVbCcogRAgOjpYPFWv+AZL7YnFkncw2gFIBOqlZX46gF0NFC2KAGQ2Fr9gqG6opt/higByJC4EusgCPBj2uqTbFNv1oKLngjiKQ5aKVfwjHLKDOkDOiSeEZ7nsVJZiaW5z2gyplQqqU6n4HS1LriJ7xNPq99SbH3MZSnurbebD9VajUeIEgHJgEq5HFurYJ0KECUABWaxsXT7i7NSWZbFfPO0v/m6szBkZnG1Cp4EvgoCC04JQIGFYUgcT/9q9ZtB5oyb/tecxSEzi61VsD15DZCiUgJQYHEk/2r1m1n/+7S/VgKQMXG1Ctbzf7Hpyi1zU6vfzPp/9Xbz/pN/U2s1HgR+6DAemUM8rYKVAhSZEoAC8xZYtler3ywz39rlH6oOIIMWbRWsUzvFpv/7BeZ53twXALX6zTCz681e2wAZtEgBrud5sTQXkuzS//2dCrUmVi7NfnRPrX4zr7vLP1MCkFHztgqe53c/4wp1bZ+GEoAdTKF6o1fK5ZkuBCWvpCN/2fbjeru549x/rdX4W+BeB/FIDKqVlZn6A5RL5SL27VDXy22UAOz0gOsAlq1aWaHkHXzxqJQq0Z6jZJj56D7/8kNLC0Nit7pSpTJFUW6pVCpqy+7CXdsPogRgO1PMD8nqSpVqpbqjJsBgtp76q6zEcOxInAowvGeff/9BQJNiMmylUqG6Uo1WA7bV6HieR3WlWuQkvpDX9v0Ubg1oCj9yHYAr5VKJcqmEBWwYglGVcM58sd5u7vn5rrUaDw+7/f8JvGaJMUnMTv4eA4Q2BAvGMxgKX7SrBGAbXd13+oHrAFwzLHZCQFLKmP2e/k96X+JxyNJ4Jqr0180fUK+LHXSF36bebt4H/JXrOERi9tf1dvPWg/5QrdX4S+B7S4hHZJm+vVXoKqdRArAbY25wHYJIrIz5wAx/WqsAkjcfdx1AGikB2N1H0Jx0yY814M9n+PMfA44lFIvIsvmAHup2oQRgF/V280Hgq67jEImHuaHebk59Q6+1GmvAhxMMSGSZbq21Gg+7DiKNlADsxZhriTJHkSwLMfy3Ob7vfYBmxUrW+cDvuQ4irZQA7KHebvZgqqppkRQzH6q3m3fP+l21VuMHwHsTCEhkmd5VazVm/vwXhRKA/RjeTIH7AkjmPYzh2gW+/zrgwbiCEVmyHwF/4DqINFMCsI96u7mOMW9EWwGSRcZcW283B/N+e63VOAb8TowRiSxLALyx1mqsuw4kzYy1GpB0kEGn96+w9sOARuBJVnytfvnFL4jjhYbd/v8CXhLHa4ksQQj8aq3V+ITrQNJOKwBTqLebH8eYN6CiKMmG0dbKVVyuATZjfD2RpFjg13Xzn44SgCnV280PYczVwMR1LCL7M39WbzfvievVaq3GvcDb4no9kYT4RMv+f+E6kKxQAjCDerv53zHmOYCqSiWt7sXw1gRe94/RnAxJrx7wC7VWY5aGV4WnGoA5DDq9Cpa3gP2PQNKDtf8OuBvM/8XQA/6WqDL7GPB04AIszwN7BfC0hGORtDPmpdP0/J/HsNt/AfCVJF5bMuV+4Ebgm1t//QBwBHgq8A+AZ299NYGfSjiWEfBW4I9rrYaKtWekBGABg07vH2G5BuxVwLkLvlwA3AfmbqCH4S7gO/V28yczxPNCrP0Tol88KRzzjvrlzd9N8h2G3f7vo6NVRXU7cO3WwKipDLv9v8epZODk1zNYvKD6x8BfAB+otRr3LfhahaUEIAaDTq8CvAprX0f0YT/vgG8ZAT8A872tp/o7gbvq7ebCR1YGnZ4B3oi17wQOLfp6khk31S+/+JXLeKNht/9x4KplvJekwjpwNfCRWqux8A1j2O0fAv4JZyYFzwJWD/jWh4DvAP8D+IKe+BenBCABg07vbOCZQAM4B3gUePi0r/vr7Waiw4YGnd5lWPtZoJ7k+0gq3IUxz6+3m0up1B92+1WgCzx3Ge8nTj0KXF5rNW5P8k2G3X6JaAvz3K2v83Hvg7gAAAfoSURBVDh17bwHuKfWagyTjKGIlADk2KDT+3ms/QZaCcizBzDmknq7+dAy33TY7Z8H3EFUhyL5tAY8R61080unAHKs3m7ehTH/znUckpjjGPPyZd/8AWqtxiPA5YCeyvLrGt38800rAAUwuPm7HeBlruOQWAUYc0W93fyCyyCG3f6LgVuAsss4JHafqbUaV7oOQpKlFYAiMOb3iTpkSV5Eff6d3vwBaq3Gl4DfdB2HxMoCf+g6CEmeEoACqLebdxIVbUkumLfX2813uY7ipFqrcT3wFtdxSGxuqbUa33MdhCRPCUBRGPN51yHIwiYY84b65c03uw5ku1qr8UfArwJj17HIwj7nOgBZDiUAxfFV1wHIQgYY87J6u5naVqe1VuNjwIuIjm5Jdk3d6EeyTQlAcdwNHHcdhMzlKMY8r95uftl1IAeptRrfAJ4D/NB1LDKXIZr5UBhKAAqi3m5aojkCki13YMwv1NvNvutAplVrNX4I/CLwddexyMzui6Pbn2SDEoBiUQKQKebTGHPZLPMg0qLWajwGvBj4qOtYZCZHXQcgy6Ozu4VifqTTgJkQgPmv9cub17kOZBG1VmMM/Nqw27+HaICQrjfpd9R1ALI8WgEoEsP9rkOQA92JMZdm/eZ/ulqr8TbgYuD/uI5FDqRrRIEoASgW/XKn1wBjfmurr/9droOJ21ZL2V8CXg885jgc2dtR1wHI8mhJrlg0NzuVzI0Yfqvebv7YdSRJ2iou++Cw2/8s8KfAax2HJDsddR2ALI9mARTIoNOrYe3AdRzyhL/BmGvq7eZtrgNxYdjtXwa8H7jIdSzyhCfXWg0dFy4IbQEUSL3dHAJKANzbAPNHGPPMot78AWqtxteAnwPeTDR6Vtx6VDf/YtEWQPE8ANRdB1FQ92HMB4AP1NvNx10Hkwa1VmMCvH3Y7b+XaEvgauAZbqMqrKOuA5Dl0gpA8agXwHIFwBcx5nKMubDebr5DN/+daq3GsNZqvJtoO+DFwE1EPztZnqOuA5Dl0gpA4agXwJI8CubDGN5Tbzd1+mJKW4WCXwa+POz2nwa8kejkwFOcBlYMR10HIMulBKBoDPfr/p+YEPg2xnwQ+Fi93Ry5DijLaq3GA8B1w27/rcCrgDcQHSXUymUylKgWjBKA4tEvebwC4FsY8xngxnq7+XeuA8qbrY6CnwA+Mez2zwf+JVFCcBm6hsXpqOsAZLn0y1M897oOIAcmwDe2bvqfqrebD7sOqChqrcZDwPXA9cNu/xzgl4EricYQr7iMLQeOug5Alkt9AApm0OmdhbXHgJLrWDJmE/jq1k3/0yrkS5dht18DXk6UDLwEOOQ2oszxiXoAbLgORJZHCUABDW7+bg94tus4MmAd+DLGfBr4bL3d1BnpDBh2+4eBlxFtE7wMOOI2okz4dq3VuNR1ELJc2gIoJPMtsEoAdncczK0YPg18vt5u6okoY2qtxhrwKeBTw25/lWhF4ErgFUDNZWwp9peuA5DlUwJQRIavY/kN12GkyONgvrh1079F1fv5UWs1NoHPAZ8bdvsrwAuJkoFfBs51GVvKfMN1ALJ82gIooEGndz7WPug6DsceAdPBcCNwW73dVNOZAhl2+yWiUwSvAq4AzncbkXNPqbUaj7gOQpZLCUBBDW7+7m1EHdeK5EEwn8fwKeAr9XYzdB2QuDfs9j3guUQrA1cCT3Mb0dJ9odZqvMJ1ELJ8SgAKatDpXYq1t7uOYwl+tHXTv7HebmqfUw407PYv4VQycIHjcJbh4lqr0XMdhCyfEoACG9z83S8CL3UdRwL+BsznMHyy3m5+x3Uwkl3Dbv/niLYJriSfY4s/W2s1rnAdhLihBKDABp3eP8XabwPGdSwx+D6Ym7Zu+t9zHYzkz7Dbv4goEXgV0RjjrLPAs2uthn5fCkoJQMENbu69C+zvuI5jTn8F5rMYbqi3m/e4DkaKY9jtX8CpbYJLHIczr/9SazX+k+sgxB0lAAU36PQ8rL2N6HhU2oXAXRhzE3CDpuxJGmxNLTyZDDyXbAwr6gCvqLUaKoQtMCUAwqDTOxtr7wT+oetYdhEAt2+14P2khu1Imm0NK7qCU8OK0thy+x7g0lqrMXQdiLilBEAAGHR6z8TaLwF/33UsRH3JTx+282PXAYnMatjtn8uZw4oqbiMC4AHgRbVW469dByLuKQGQJ2w1CPoM8BwHbz/izGE7jzmIQSQRw26/zpnDilYdhPFV4NVq+CMnKQGQMww6vQqWd4N90xLeboMzh+0cW8J7ijg17PaPcOawosNLeNt3Af+h1mr4S3gvyQglALKrQaf3Sqx9K/DMmF/6OJjbThu2sx7z64tkxrDbP8SpYUUvJ/5hRT3gulqrcUvMrys5oARA9jXo9H4Fa98CPGuRlzlt2E5Hw3ZEdtoaVvQiTg0rOmeBl7sL+MNaq/GFOGKTfFICIFMZdHovwvJisL8ENNl/D/M4cDeYHoZbgC/V283JUgIVyYFht18mOkXwUuDngYvZf3VgE7gd+BrQrbUaX088SMk8JQAys0GnVyUqFDwPqBIlA1VgHbgD+H693dQHSyQmw27fABcSJQNnERXNnvx6FLir1mpoZU1mogRARESkgLLQsUpERERipgRARESkgJQAiIiIFJASABERkQJSAiAiIlJASgBEREQKSAmAiIhIASkBEBERKSAlACIiIgWkBEBERKSA/j+uhURj3AaxZQAAAABJRU5ErkJggg==', 32.0);
INSERT INTO product_ingredient (product_id, ingredient_id)
VALUES (2, 11); -- Hyaluronic acid
INSERT INTO product_ingredient (product_id, ingredient_id)
VALUES (2, 13); -- Niacinamide

INSERT INTO product (name, product_type, manufacturer, usage_instructions, image, price)
VALUES ('CeraVe Daily Moisturizing Lotion', 'MOISTURIZER', 'CeraVe', ' Apply liberally as often as needed.', 'iVBORw0KGgoAAAANSUhEUgAAAgAAAAIACAYAAAD0eNT6AAAABHNCSVQICAgIfAhkiAAAAAlwSFlzAAAN1wAADdcBQiibeAAAABl0RVh0U29mdHdhcmUAd3d3Lmlua3NjYXBlLm9yZ5vuPBoAACAASURBVHic7N15nCNndS/833lKe2tGmvEGBoztBi9twJYBt4GQQMObADLJDSQhEG5CgCRkYwmBkJWQS/ZceBMgCdlJuG9YElYPuSEgSAzGGpa2sS0vIGOIDV5nWjPqllTLc94/Sj3u6elWa6mqp6p0vp+PMe7prjqjlvQcPcs5xMwQQgghxHxRpgMQQgghRPQkARBCCCHmkCQAQgghxBySBEAIIYSYQ5IACCGEEHNIEgAhhBBiDkkCIIQQQswhSQCEEEKIOSQJgBBCCDGHJAEQQggh5lDGdABCpF2n0VoAsATgcQDyANaH/2wAuBvATZWVpbmqyd1ptAj+4/EIACUAC8N/BgBuBtCqrCx1zUUoRPqR9AIQIlidRssC8DwAPw7gcgDnAaARP/IAgAaATwP4ZGVl6c6wYzSh02idC+B7ATwLwAqA00d8OwO4E8AqgH8EcHVlZckLOUQh5ookAEIEpNNoPQrAKwG8HMAjp7yMBvBeAG9OSyIwHPjfAuClmH7Z8W4AfwfgrysrS/8dUGhCzDVJAISYUafRUgDeCH+QywV0WRvAXwF4a2Vl6d6ArhmpTqN1FoDfAPDTCPZxeTOAP6qsLOmArinEXJIEQIgZdBqt8+FPUT8tpFscBfDCysrSZ0K6fig6jdYzAfwrgAMh3eLzAH68srJ0R0jXFyL15BSAEFPqNFo/CuAGhDf4A/4A+u+dRusVId4jUMNY/x3hDf6A/5jfMPwdCCGmIDMAQkyh02h9P4APAbAivO2fAPiVuE59D5dC/hDAL0d4Ww/ACyorSx+L8J5CpIIkAEJMqNNofReATwIoGrj9PwB4edyODQ6P9f0dgJcZuH0PwPdWVpY+Z+DeQiSWLAEIMYFOo/V4AB+HmcEf8AfYtxu69yhvh5nBH/B/Fx8f/m6EEGOSBECIMXUarSr8wb9qOJTXdBqt3zYcwwnDWF5jOIwq/CTA9O9GiMSQBECI8f01gEebDmLozZ1G67WmgxjG8GbTcQw9Gv7vSAgxBkkAhBhDp9H6KQA/ZDqObd7WabR+0tTNh/d+m6n77+KHhr8rIcQeZBOgEHvoNFoXA/gS/Jr1ceMBeFFlZelfo7xpp9F6IYD3I9pTEOPaAPCkysrSLaYDESLOJAEQYoROo1UA0ATwBNOxjGADeH5lZemTUdys02h9L/y9EEFV9wvDVwEsV1aW+qYDESKuZAlAiNH+GPEe/AF/IP5wp9EKsyARAGB4jw8j3oM/4P/O/th0EELEmcwACLGLYbGfj5qOYwJrAJ5ZWVm6PoyLdxqtywB8BuZPQUziB6RIkBA7kwRAiB10Gq1HwC/ze5rpWCZ0H4CnV1aWbg/yop1G6wIA1wA4M8jrRuBBAJdWVpbuNh2IEHEjSwBCbDMsafteJG/wB/wB+lOdRuucoC44vNankLzBH/B/h+8d/k6FEFvIi0KIU/0qgGeYDmIGjwJwTRCV8YbXuGZ4zaR6BvzfqRBiC1kCEGKLTqP1FAD/BSBjOpYAHAfwksrK0tXT/HCn0boKwP8HYF+gUZnhAvjuysrSF0wHIkRcSAIgxFCn0aoAuB7AuYZDCdrHALyxsrJ02zjf3Gm0LgTwRwC+P9SooncngMsqK0sd04EIEQeSAAgx1Gm03g/gR0zHERIX/g7+j8Nfz7+zsrLUA4BOo1WEn/Q8G8DzATwT6ZgB2ckHKitLLzIdhBBxIAmAEAA6jdYrAPyN6TgidmT474NGo4jeKysrS39rOgghTJMEQMy9TqN1EYAvI56lfkXwNgA8sbKydKvpQIQwSU4BiLnWabTyAN4HGfznSQnA+4a/eyHmliQAYt79MYBLTQchIncppFSwmHOyBCDm1vCY28dNxyGMev60xySFSDpJAMRc6jRaZ8Mv9Xu66ViEUQ/ALxX8bdOBCBE1WQIQc2dYFvafIIO/8J8D/ySlgsU8kie9mEdvArBiOggRGyvwnxNCzBVZAhBzpdNoXQm/tn1aC92I6bjwuyheZzoQIaIiCYCYGyku9SuCcSekVLCYI7IEIObJuyGDv9jdufCfI0LMBUkAxFzoNFovByA14MVeXjR8rgiRerIEIFJv2N3uywAWTMciEmEdfqngsbonCpFUMgMgUm1LqV8Z/MW4FiClgsUckARApN0fArjMdBAicS6D/9wRIrVkCUCkVqfRqgOQMq9iFldVVpYOmQ5CiDBIAiBSqdNoPRx+qd8zTMciEu1++KWCv2M6ECGCJksAInW2lPqVwV/M6gxIqWCRUvKkFmn0RgDPMh2ESI1nwX9OCZEqsgQgUqXTaC0D+Byk1K8IlgvguyorS03TgQgRFEkARGp0Gq398Ev9nmc6FpFK34BfKviY6UCECIIsAYg0+UvI4C/Ccx7855gQqSAzACIVOo3WywD8vek44o6Z4bguNGtorQEASikoUshmMiAiwxEmwk9WVpb+wXQQQsxKEgCReJ1G6wIAX4FU+xvJ9VwMHAfY7TVPhHw2i4wl2yf2sA7g8srK0u2mAxFiFrIEIBKt02jlIKV+92Q7Dga2vfvgDwDMGNg2bMeJLrBk2iwVnDMdiBCzkARAJN0fAKiZDiLOPK3huOMP6o7rwBsuD4hd1eA/94RILFkCEInVabSeB7/Uryxcj9Ab9E+s949LKYVivhBSRKnB8EsFf8J0IEJMQxIAkUidRuthAL4KqfY3EjNjo9+b6mdLhaJsCtzb/QCeUFlZusd0IEJMSpYAROJ0Gi2ClPody6Sf/IP62TmyWSpYMiWROJIAiCR6I4Bnmw4iCTTPkADM8LNz5tmQUsEigWQJQCRKp9G6An6p36zpWJLAdh04U+7qz2azyGXkYR6TA79U8GHTgQgxLpkBEIkxLPX7z5DBX8RPFsA/D5+jQiSCJAAiSf4CwPmmgxBiF+fDf44KkQiSAIhE6DRaPwHgJabjEGIPLxk+V4WIPdkDIGKv02g9Fn6p37LpWJJG9gAY0YVfKvhrpgMRYhSZARCxtqXUrwz+IinKkFLBIgEkARBx9/sALjcdhBATuhz+c1eI2JIlABFbnUbrOQA+ASn1OzVZAjCKATyvsrL0f00HIsROZAZAxFKn0ToLwHsgg79ILgLwnuFzWYjYkQRAxNXbAJxpOgghZnQm/OeyELEjCYCInU6j9SzIkT+RHi8ZPqeFiBVJAESsDHdOv8t0HEIE7F1yKkDEjSQAIm7eCOBC00EIEbALIQ2DRMzIKQARG51G63wANwMomI4lLeQUQKz0AVxSWVm6w3QgQgAyAyDi5Z2QwV+kVwH+c1yIWJAEQMRCp9F6IYDnmo5DiJA9d/hcF8I4WQIQxnUarTKAWwA80nQsaSNLALF0F4CLKytLXdOBiPkmMwAiDt4AGfzF/Hgk/Oe8EEbJDIAwqtNoZQF8C8DDTMeSRjIDEFv3ADinsrI03S9HiADIDIAw7Qchg7+YPw+D/9wXwhhJAIRpP2s6ACEMkee+MEoSAGFMp9G6GMAzTMchhCHPGL4GhDBCEgBh0qtMByCEYfIaEMbIJkBhRKfRKgH4NoCK6VjSzPU8DOzBVD+bz+WRsayAIxLbdACcXVlZ2jAdiJg/MgMgTHkJZPAPnVLTv8Rn+Vkxtgqk86UwRF7hwhTZABUBRQQimvjniAhqip8TU5HXgjBCEgARuU6jdSmAy03HMS9y2cm70E7zM2Jqlw9fE0JEShIAYcIzTQcwTzKWBWuCtXzLsmTtP3rymhCRkwRAmPB00wHMm3wuh0wms+f3ZTIZ5HPy6d8AeU2IyO39jiBE8L7LdADzhkDIZ3PIWBYcx4XHGtg8AUQEixSy2QwsJZ/8DZHXhIicHAMUkeo0WhcAuM10HALQw9e+bPaLjQsrK0u3mw5CzA9ZAhBRk086MaFkp3/cyGtDREoSABE1WesUYmfy2hCRkgRARE3e5ITYmbw2RKRkD4CITKfRejj88r9CiJ2dXVlZ+o7pIMR8kBkAESVZ4xRiNHmNiMhIAiCidIHpAISIOXmNiMhIAiCidJrpAISIOXmNiMhIAiCidLrpAISIOXmNiMhIAiCiJG9uQowmrxERGUkARJTkzU2I0eQ1IiIjCYCIkry5CTGavEZEZCQBEFGSNzchRpPXiIiMFAISkeg0WjkAA9NxCJEA+crKkm06CJF+MgMgoiLHm4QYj7xWRCQkARBROWA6ACESQl4rIhKSAIiodE0HIERCyGtFREISABGVB0wHIERCyGtFREISABGJysrSBoCe6TiEiLne8LUiROgkARBRetB0AELEnLxGRGQkARBRkqlNIUaT14iIjCQAIkry5ibEaPIaEZHJmA5AzBV5cwuSIqh8FiCAXQ14GuzpUG9JlgIsBcoogAE9cAAtxcQCJK8RERlJAESU5M0tAJSxoEo5UC4D2vZn7Gl43T7Y8YK9Z9aCVS74CcAWaiEPtl3oDRvsBnvPOSWvEREZWQIQUZINTjOirAWrUoTaYfAH/E/oVqUIylrB3nN/8ZTBHwAIgMplAr/nHJPXiIiMJAAiSt8yHUCiEcHaVwTRTkP/lm8D7TpgT3xLpfxr7XXPYWzY4/vEnuQ1IiIjSwAJ1m22CX7d8DMBnAnCaQCKYNwP4N7Nf8rLi+EuDI/vWtMBJJkq5kBqvAGWiKDKBXid2Y6Uq335PQf/E/dUBFXMQW9Iz6cZxOY1snZoVWHzvQU4C36nwj78ZYoHANwH4Ei1XpNNIAkl3QBjbDjA10C0AuAKAGeAcABABX698H3YexZHAzgO4AiAI2A8CH+a8VYwfxpAs7y86Ib1d9iu02jdB+CMqO6XGgRkDpTHTgA2eesD6N50jeVUMQdrIT/Rz7BmuEe7gLytTOP+ysrSmVHdbO3QqgX/feWZYFwM8GnwB/mD8D9Y7Md47y/HABwFsAbgCED3g3AYwGcA3CAJQnxJAhAj3WY7C+BKED0LwNNAeDL8wT5M62B8GcDnwdwAcE15eTG0j3CdRutDAH4wrOunlcpn/Cn2CTEzvLWNiU8HkKVgVUtjf/rfyjvegx5EllOmyYcrK0svCOvia4dW8wCeBsYzAH46gCcBKId1v83bAmgC9DkQPgPgcLVec0K+pxiTJAAGdZttBeBZIPp/QHgagBqAyd/lg2UDuB6Ma8H8b+XlxU8GefFOo/VLAP53kNecB1alBDXlJjt2Pbhrky0FZKolUGa6+2nHm3npYU69vrKy9LYgL7h2aPXZYHwfwE8DcDmAyaZ0gtcD8KVhQvBpAJ+p1mtxWaKcO5IARKzbbGdBeA5AP+L/G6ebjmkPd4DxN2D+y/Ly4tFZL9ZptJ4M4HAAcc0NshQyBxZmuoa3MYDeGG8pQJVysEqzjRPu0fXQaxKk0BWVlaUvznqRtUOrVQA/DeafAvCY2cMK1f0AfQKEDwD4D5kdiJYkABHoNtt5EL4foB8C4fsQ/rR+GHpgfAjMf1ZeXpx6AO80Whn404KzjWhzxFrIQxVzM12DwfCO9cH26Kl5ymVg7S+AdjxkOD7ds+Gty2bACawDqFZWlqZeO1k7tPokMH4R4B+G+ZnEaawB9G8g/AuAQ9V6TZ5AIZMEICTdZnsBhP8xHPSfjfDX2qL0FTC/G4z3TLNfoNNofQrAs0KIK30IyBwsT7UWvx0D0N0+dH/nD1mqkIUqF2Yc+of3YoZ7RDYDTuDTlZWlZ0/6Q8N1/ZeC+VXw1/TT4jhAnxwmAx+r1muyphQCSQAC1G2294PwwuGg/0wkMwufxBEw/hbMv11eXhz7BdpptN4M4LfDCys9VD4La18h0Gtq2wU73olqgZS1QFkLKhfsqWBvRLIhTvHblZWlt4z7zWuHVotg/CbAPw1/x36a9QB8CkT/AuAj1XrtmOmA0kISgBl1m+2DILwIoBeA8N0AZpurTaa7wPxL5SsWPzjON3carRUAnw45plTIVEqJrbA3zebDOfasyspSY5xvXDu0+gIwvx3AOSHHFEcDAJ8F0YcAfLBar828L2meSQIwhW6z/bDhoP+DIDwVQNZ0TLHA+A8w/2x5ebE96ts6jZYF4E4Aj4wkroSijEKmmuytEu7aut+oSIxyF4BzKytLI5sprB1aPR/M7wLwnGjCij0HwOe2JAP3mg4oaSQBGFO32X4kiF4MwgvgF8+QMso764PxNjC/pby8uOu2806j9VsAxp7ynEdWOQ9VSPaEku478Lp902HE3ZsrK0u/s9sfrh1azYHx6wC/AelfVpyWB+C6YTLw/mq9drfpgJJAEoARus32+SD6MRB+AP4ZfRn0x/cNaH51eXnx6p3+sNNoPRx+3XMpR70TImQOLgSy+c8kfzPgOiDvM7txAZxTWVn6zk5/uHZo9blgfgeAxWjDSjQN4Msg+jCA91XrtW+YDiiuJAHYpttsXwyilwwH/cebjifxGB8F84+XlxdP2bjTabT+BcALDUQVe6qQhVUOdvOfKbIZcKR/raws/dD2L64dWt0Pxt8DHFplwDlyPUAfAeF91XrtNtPBxIkkAAC6zfZlw+n9HwBwoel4Uug2aH5eeXnxjq1flM2Au5ulEl/cyGbAkU7Z/Ld2aPU8MB8CcLGhmNLsFoA+DML7q/XaV00HY9rcJgDdZnt5OOg/H8D5puOZAw9A8wvKy4vXbP1ip9G6FZJ0nYQyFjLVkukwAuWubYDdkXvc5tFtlZWli7Z+Ye3Q6tPA/GFIw6wofB2gjw6TgZkrMCbRXCUA3Wb7e0D0IhCuAvAo0/HMoQGYf6Z8xeJ7Nr/QabReC+DtBmOKHatcgCqk62CJbAbc0esqK0v/7+Z/rB1afSmY/xpAOtZ+kuWbAH0MhA9U67XPmQ4mKqlOALY023kRCHUADzMdkwCD8YflK87/VQDoNFoHANwN2d3sS8nmv+1kM+ApegAeUVlZOgoAa1ev/i+Afx0IpBCjmM13hsnAB5HyZkWpSwC6zXYGwHNA9CMgPBfxb7Yzn/y+Ai8pLy8OOo3W3wJ4uemQ4iBNm/+289b70D3ZDDj0d5WVpVesHVrNg/FPw/r9In7uB+jQsFnRJ6v1WqrWsVKRAHSb7Zy/lk8/PGy2UzUdkxjLl6D5Km99UAJwM2QWIFWb/7ZjT8M9um46jDjoAbiEe4N1MH8cfl0REX9HtzUrGq+9ZowlNgHoNtulbc129pmOSUzlBmh+qrc+eB2At5oOxqQ0bv7bzu1snOhBMMd+g3uDt4H58/Dri4jkObatWVHPdEDTSFQC0G22921rtpPud8t5wTjkbQxeCM03YI5PBKRx8992euDAOz7XmwFvA/Ol3Bt8AMD3mw5GBGIDJzcrOm46oHHFPgEYNtv5kS3NdvKmYxIhYLzD6/Y/CuBTpkMxIqWb/7aTzYB4Nm8M6gC/znQgIhR9PNSs6F/i3qwolglAt9k+a0uHPWm2My+Yf9HrDp4K4MWmQ4maKmZhLaRz89923voAupf45dNp/DP3BteA+c9NByIi4QC4ZkuzovtMB7RdbBKAbrOdBeHlIPoJ+Jti0rkTSozisqtfpnv2nwPYbzqYKGUOLICs+Wg1MaebAY/xwP4ZePqfIP0v5pEH4Asgeg+A91TrtVgchzGeAHSb7QqIXgvCqyDn9AXQ0T37L9jVbzIdSFQoayFTma/tLHO3GdDTv88D+2chJ5QE8B0QvQvAO6v1WsdkIMYSgG6znQHR74LwcwDKRoIQcfUtrzs4BubHmQ4kCta+AlR+vla55mozIPON3BvsB/Bo06GIWDkO0DtA+C1T9QWMzDl2m+1HQtHnQHgjZPAXpzrHWsgr+K1S040IlJu/GWHKZwCV7g2PQy73bQUZ/MWp9gH8a2D+r7VDq48wEUDkCUC32X4eFK0CWI763iJBCEuqmEt9gw5VyKZ+5/9OCJT6I48AwAOnCeZLTMchYu2pYF5dO7T6fVHfONIEoHu4/RNQ9HFIeV4xBsqoZcpYqW7ZOQ+D4G5Sv+zh6a/C855iOgyRCGeA+dDaodWXRnnTyPYAdJvtp0HRpyCdrsRkHvC6AwXmg6YDCdo8bv7bzj3WA9spXOlhPsK9gQdp6ysm0wPRs6r12heiuFkkMwDdZvvRUPQhyOAvJne6Vcr9t+kgwjDPn/43pfUx4L79LcjgLyZXBPOH1w6tRtKuPvQEoNtsZ6HoagBnhn0vkVKKLlX5bCQZcWQU+Rvh5hzl0rcZkG33WjBfZjoOkVhngfnqtUOroWfH4c8AEH4ewFwc5xLhoZz1RLLU10zHERSVz4Kk9TsIKZsF0PprcN0nmg5DJN4TALwq7JuEmgB0m+0CiH4lzHuIuZFTxVwRhA3TgQQhVYPejFL0WGxw385D+pWIIDD/6tqh1VCXzcOdASB6PaS6nwgK4ZGqmLvJdBizoqw1N2V/x0FKpaIWAvftrwI4x3QcIjUeDuA1Yd4gtFMAw7X/7wA4LZQbiLml+86X2PGeZDqOac1j5b+9JL4yoOt9kW3nyabDEKnzAIjODqt3QJgfQ54BGfxFCFQhe9EwuUweQio+7QaNchkkdksE87fZdi4yHYZIpdMBfHdYFw8vASCqh3ZtMe/KVil/HH6HrUShbGYuK//thYigkpkYedy3jwHYZzoQkVKM54Z16RATAKyEdm0hCBeoYu6w6TAmlaINb4GjBC6L8MC5Dszy6V+EiJ8d1pVDSQC6zfZZAKT+tQjVsFTwjabjGBv5GwDFzihrJWsZwNM3SqlfEYHHrx1aDaWOTlgzAOeHeG0hNilVzD4MREdNBzIOylgy/T8CEYEyCUmQmI/ywD4L8j4nwqcAnBfWhcNwIKTrCrHdGVYp9y3TQYwjMYObQUl5jLhv3wmpbiqiUw3jouEkAIRKKNcVYieKLlX5TOxLBcv0/96S8BgNS/3WTMch5kooY2pYMwChZCtC7IZymSeSpdqm4xglCYObabF/jLRuS6lfYUCCZgAAHdJ1hdhNThVzWQA904HshJSS9f8xEBFIxXZZvcd9x4KU+hXRC2VMDeeVxkjOzmyRHoRzVCkXz+deyjrehSqmjxX37RsAPtd0HGIuhVICPaxU+6uQWQBhAFnqCspaXzIdxyliOqjFUhwfK9f7IrS+0nQYYi5pIJwP1aEkAOXlxS6Ab4dxbSH2ogrZC+NWKlim/8cXu8fKL/V7oekwxNy6q1qvrYdx4fAW2xi3hnZtIUbbZ5XyxxCnUsFx/FQbV/F6rDzu2x0A+00HIubWLWFdOMTdNvyB8K4txB4IF6pitmk6jBPiNajFW4weq2Gp34tNxyHmGFFoY2mYMwD/CCARFdpEOlHGupIyKpTNM5OK3bR2jMXmsfL0TfA8WfcXJh0B8H/CunhoCUB5eXEAxvvCur4QY1CqmDsLRGumA4nTp9rYi8NjxbzGA/sMADEvTCDSjf5PtV4bhHX1cA/cMv8ZAA71HkKMdoZVyt1pOgiKw6CWEHF4rLhv3wHgLNNxiLnGILwzzBuEmgCUlxdvBeP/hnkPIfak6DLjpYLjMq2dBIYfK3bca8F8udEghAAOVeu128O8Qfglt5h/GYAb+n2EGIFymcvjXipYxIDWbTiuDP7CNBdEbwz7JqEnAOXlxRYY/xT2fYTYQ35YKrhv4uaspS7WuAw+Vv1hqd+CqQCE8NE/VOu10I7/bYqm6DbzrwEIpZCBEGPzSwXfYOTenmyFGZuhx4r79qqU+hUx0AXhN6K4USQJQHl58R4w/iyKewkxCllq2USpYJkBGJ+Rx8r1vgStnxL9jYXYjt5erdfujeJO0bXdYv5dAJH8pYQYRRWyF0DRPZHeVMsMwNiifqyYv8O289hobyrEju4B4Q+iullkCUB5eXEdzG+N6n5CjLDfKuXXEGHDKpYEYGwRP1aa+/ZRAJUobyrEjoh+p1qvbUR1u2gbbzP+HECoxxqEGAvhIlXIXhfZ/TxZAhhbhI8VD5wvgHkpshsKsbtbAbw7yhtGmgCUlxc1mN8U5T2F2A1lrSspo26O4l4yAzC+yB4rT98spX5FbBC9qVqvRfpJIdoZAADlKxY/DODaqO8rxA6UKubOBFEn9Dsxg1mSgL0wMxDF48Tc4YF9OqTUr4iHa6r12kejvmnkCQAAQPPrISWCRTycoUq5b0RyJ1kG2FtEjxH37Tak1K+IBwbRL5u4sZEEoLy8eB0YHzFxbyG2I79UcOj7AdiVBGAvUTxG7LhfkFK/Ij7oX6v12mETdzYzAwAAzG8AYBu7vxBbUC5TI0vdEeY9tCMVsfcS+mOk9R1w3Fq4NxFibAMQfsXUzY0lAOXlxTYY7zV1fyG2yatizkKIpYLZ9mTdawSG/xiFqM99R0FK/YrYoPdU67VQP3iMYm4GAACY/wQRnsUWYiTCo0MtFcwMuKEOcMnmeqFuAJRSvyJmNAhvMxmA0QSgvLx4Cxj/aTIGIbYalgr+cljX17YsA+wm1MdGSv2K+GlU67XbTAZgdgbA92nTAQixlSpkHwNFoZSt5oEkALsJ7bFhvodt5zHhXFyIKRF9ynQI5hMA5i+aDkGIbSpWKXcEISxPsaehHVkG2E47HjicI4Ca+/aDAKphXFyIGYQ20zgu8wkAcKPpAIQ4BdHFYZUK5r4TxmUTLazHZFjq95JQLi7EbG4yHUAcEgDZBChiibLWchilgrXtSFXALZgZ2g4hAZBSvyLejI99cUgApBSniCtLFXNnBF4qmAEeyCzAJh44wdcFlVK/Iv6MPzfjkACcYzoAIUY4U5VygZ/T1T1JADaF8Vhw3/46pNSviLdHmQ7AfAJA9F2mQxBiFFJUC7pUMHtajgTCP/oX9Oa/YanfJwZ6USGC9zTTAZhPAICnmw5AiL1QLnMZKRVo0yDdk0rYgT8Gmr8Bx70s2IsKEQJm42Of0QSg22w/HITnmIxBiDEVVClHAAZBXZAdDzzHlQHZ9cDBHokccN8GgGKQFxUiJM9bO7T6MJMBmJ0BIPolALmwb6O1huM66A8G6NsD2I4Nx3WhZSe2mAThXFXKXR/kJed5L0DQf3fuEwNZfgAAIABJREFU218B+LxALypSjZnhuC5sx0Hf9scHx3WgdSQb9PNgvCaKG+2GTB1H6jbbj4Gi6wEshHUPZsbAtuF5u3/KUErBsixkLAtKxWFFRMSd7jtfZscLbI05c3ABNGfPPdYa7pH14C7oel9i23lScBcUaaVZw/M8uJ4HzbsP9JaykM/mQERhhtMF0WXVeq0d5k12YyQB6DbbCoq+AOCKsO6htUbfHoD1+H8/UoSMlZFkQOyl43UHfTAHsstclXKwSvkgLpUY3sYAeiOg9X/me7k3yEOq/YldaK3hag/eHoP+dkQKhVwOikIdD64D0dOq9VrkdQEiTwC6zTaB6B9A+PEw79Pr92eaxvGTAQsZKyPJwDgIAJGfLROd/N9q23/T8Ae2J9bM/hl5ZkAzwAx2Ndjzgj8nPivmW7zu4EIEsYxG5M8ChPtJIzaY2f/0H8x7j+be4JbYVfsjAmUt/x+lAEUgNXwtKDr5+czD/9H80HN/t//P7H+okeXLPWmt4XoeXO2BJxj0t1OkUMyH3UGa/h6EV1TrtUh/sZEmAN1mOwuiD4DwP8K8j+u6GNjB7S7eTAYsKwMr7cnAcIA+MZArAtHm17f9GRGgEMnA5ScC2t845upYvAGy412r+85Tg7iWVS5AFbJBXCr2dN+B1+0Hci22nc/D9Ywfp4IiUDYDlbVAuQwoY52a4AZpe6KsGdD65ARBb/v/m9+fYp4eTu9rN9Bqm/lsDhkrE9j1dkb/CsKLq/VaZBuDIksAus32ChS9C8BFYd9ro9+baOp/EkR0Ys+AZRkv5LQnstTwE/iWT9+0+d848Wcn/jsh2GOw5ycD7ITbR34ET2/Yt7Gnl2a9EFkKmQOhbYeJFffoejBn/z19Mw/si2CiopoiqFzGH+yzGVAmOR8M9kwQNPufmD1OxCkVT/vr+Z7ngUOaKiRSKIU+CwAAaIHo56v12mejuFnoCUC32b4ERG8B4QUINyc+Yb23Ec2UMeHEnoFYJQOKoApZ/40pQYP6tJgBtl3ogWPiE869XndQBPP+WS9k7S9C5cL+lGGWtl14x3qzX4hxjHv9DQCRHqMiS0GV8lDFXETvZoYxD2dsBv4MQ0xEMehvt1AoRXIfAAzQB0F4S7Vea4V5o9ASgG6z/TQQ/ToI34cIjxsyMzZ6AbzBTIpwYpkgYzIZUASrXPDXG+eQdjxw3wmrteyOWPOqXh/UZr0OZS1kKpG9yRjhdjYCOfvP/cGXoaOr9kdZyx/452SZZjvWDPfB40aXELzher7reTCxKaiUL0a9T0cD+ASIfq9ar30hjBsEngB0m+2roOhNMFTmULNGrxfM+uK0lFLI5bKwVPSJgFUuJGo6MizsauiBE3ShmV3pgdtk212e9TqZaslfP04hdj24axuzX8dxvwDHfUoAIe2JchlYC3lQymdmxsGOB/doN/Kx19MatmNPtHs/DMV8EcrclOo1IPr9ar32b0FeNJAEwN/Zjx8D0RsBPH72sGYT5h6ASWSzWeSy0X1iUMUcVF7eqLZiT0MPXHD4dfd7en1wL2s+d5aLqEIWVjmStcbIed0+dH/G/U2a7+T+4CyEXO1PFXJQC7nUJmPT0hsDeMej+4Bluw4c13yxLCJCKR+LApPXg+iPALwviBMDMyUA3WY7B8JPDyv6xaYC18C24brxaLSSz+cjWxKw9hVB1nxO/e+FPQ29YYe7NMD4htftnw1g+kP9BGQOlFO3hMOag/j0OOCNwd0Anx9QWKegjAWrUpSBfxfsan8pIAKu52HgBFZ5eyYZK4N8NvSitZNog+h/A/jbar029ZG3qRKAbrO9D0SvBeHnEPEmnHFordEb9ONxdpyAUiGataNMNd3rx0HQfWf2T6EjsKev0xv2lbNcI42FgYIo/MN9+1poHcixy1MQoBYKsBbS9biHwbmvE/p7KzNjY9BHXN7Ei/l82MWApvUdEL0DwDur9drEmdlECUC32T4Iol8D4ZUAKpPeLEqu52EwiEf2mM/lkMmEOzVPloK1L51Tx0Fjj6E3BqHNBui+8xV2vMunvoAiZA6kpzAQM8M9uj7bBjLX+zLbTiib/vxP/SXZOzMm98Fu6McDXc/FwIlHt8x8NrpZ3BmsAfRuEP6wWq8dHfeHxn7Gdw+3fwaKbgfh9Yj54A/4O/LzuXgc1XF1+BvRTPV0SCKyCNa+Qmgbu1Qhez6I7p36AprBg3gsYQWBB+5sgz/zvWw7i8FF9BBVyCJzsCyD/wSi2F/lRXiKZzcEGhYAiv3gDwBVgH8FzLevHVp95bg/tOcMQLfZvhSK3g1g5h3OJvjdnhw4rmtsNokUoVQIfwOJta/gF/4RY9MDN/ie9ADA3PK6g4sw5RHYNBUGmrHwj+beoAXmxwUZE+C/XlTKllrCxq4H98Fu6PfpDfoGd/0TslYG2UwmybNw14LoVdV67cZR3zTyzal7uP2LUPRFJHTwB/zdm7lsDgvFkr8hL+wSnTuI6uhImGvbaaXyGVjlPAKvmES0pArZ66b9cfY0dPgnF0KnbXempRa2nWsDH/yHSywy+E9Od6NZVo1+4KXhRr88FgpF5LLZJA/+APBUMH957dDqz436pl1nALqH268F0dsQi0n04G22g3S98GcGMpmMvxwRAWshD8omYsoqVthjeOv9oAudeHrDvp09ffE0P0y5DDL7Y3H0aGrusd70RzA93eKBfSECLPVLloJVXZAp/ynogQtvLcAWziMMHNt/bw4RYUtZdwM1WyLCIHpNtV57x05/uOOroHv4jtenefAHAGu4R2ChWEIhn0cmxOkeK8JpeW/DjkUNhKQha1hBMdjflaVKuQMgTHVuimf89Gwae3r6wZ9xnAf2AQQ5+GcsWAdl8J8GexresdmLOI0rrKZrNPykX8jlUSoUkc/m0jz4AwCB+U/XDq2+dqc/POVR7h5uvwqEP0aKB//tNpOBUrGIQqGAbDYT2Dlsv5NghMV5mKHX43H6IWlIEVTwlRQfpkr5r037w6HsT4jILLHzwL4NwMODioVyGb/lctq7eYaBAW9tI9IywBkrAwro2B0RIWtlUcgV5mXQ347A/La1Q6s/dcofbF0C6Dbb50DRTQD2RRldXPn9pF24njfdp2oCCrm8kUZBlMvAKsWqcEWieOuDQMsIT10qOKGFgWYp/BN0qV+Vz8KqlOboI02wvGM9I4mopz30bRvTPImIFDLKn95XkvRtOgaiS6r12l2bXzj5kSH6K8jgf4JSCrlsDqVCEcVCAdlsdvw3YoODPzDsjpeCTWSmWAv5QMsqq3zmCaTomxP/IAO6n7xZAN23p9tbo/mbcNzLgopDlXKwqjL4T0v3bGOzUJayUMjlMO4vT5FCNpNFMVdAKV9ALpuVwf9k+8H87q1fOPHodA+3Xzrs3Cd24CcDWT8ZKPrJwI5PLvI3/ZUKReMtgkMvfZtyqpgLsvtbUZXyHoCJ301130lUnQcetpCdgs1920VAdf6tcgHWvmRvojSJHQ/ecQOdVbewlIVSvjBcRj01EVCkkMtkUcwXUMwXkMvIoL+H560dWn3x5n8QM/vNfBTdBeBsg4ElEjNDM4OZoYhi9+SjjEptc5moaNuduYztJnb1dbo3ealgq1xITCtav3/85A1jeGBfCy+YUr/W/iJUUZbAZuEe6UbWTXNcWmtoZhARFFHSj+qZcheIzqnWa+yPVoSrIIP/VIgIllKxXWtiV8sswIzUsCVsENPIlFHLlLVWJ/25JC0DTBWr630Fnp593Z8IVnVBBv8ZsePFbvAH/JlY/9ieksF/eo8E8FzgxBIAvdxgMCJkOkVlZU2hrOXPpMz+pkOqkD0PRPdN8kPsamgn/r9H7bhgd8KEk/k+tp3zMGuKtVngR1pizyzJp0/EGBgvBwA6ft3XK1B0DwCZJ04pylrS5SwgrNmf3p71SBTzzV53sIQJBr0kFAaaovAPc29wE5gfP8t9yVKwDixIKeyAuGsb4IFUFk2xHojOViD8MGTwTzeZKgsMqYAKBhFdMmmp4LgXBpqm8M+w1O9sg3/GgnWwLIN/gJJ27FRMrAjgBxVAS6YjEeGSF3OwHioYNNspD8paTyZL3TrJz8R5anbi2Dx9C1xvpj4jDxX4ked4oCSZSj/GJQpAKG02RUwQgfLJ2D2eJESAVc7P2lI4o0q5Cghjt1fTAyeWpZ5ZM/QkU8aMLg/sCoCpH0BVyCJTXZAZrhBYxRwgSVXK8WMVCOeZDkOERxWz8v4YIquUg5otwXq4KuVvG/u7OZ5dH3XfmajwDw/sWzDDySNVykt1vzANl7pEqj1GATjHdBQiBIqgSnmo2T6hijGoYnamY2ek6ImUyzTH/X7dt2NVGMgv/DPB9L/jXgetnzzt/ax9BVj7ZHAKmyrmYFVK0j8hvc5TCL0ZrogSWQqqkIW1rwiVm6uGF0apfGam/vIqn3kCxi0VrHn6LnshYNsd/1SE5m+y41467b2sSmmmx1lMRhWyyJxe9je+zrjnRcSOzgA4BqBqOhIxJSJQRoGyFihjyWYog1TOAqkCvPUBMPkn9KJVyntet28D2HM6QffsWZceAjPB5j+b+7aDaUr9EiFTLc2650JMgwhqIQ+1kAdrDR644MGw10iMZqLExNY2EwCRJET+YJPNSG/zmPFLL+fhdadIAgjnq2JurFLBm4WBVNbsgDhJ4R8e2F8CePJSv8MCP/IJ1DxSClTMAcUcLAbYcaEHDnTPkWQgedYUJAFIFMpnTtQ5l8E/nshSsPYVppqNGZYKvn6c79U985sBx47B9VanKfVLlkLmYFkG/ziiYdvxfUVkz9gn5ZeT56gCo206CjEeVcjCKuZkV38CkCKofVMVDCJVyJ4Lovv3+kbThYHGLvzDfD/bzrmYcM8+ZaXAT2IQ+R9M5ORAgtDXFcBXmw5DjEFRYrrBCR/RsGBQduJPr1VrIXcvxtiga7Iw0Jj3Zu7b9wA4MMm1KZ/xp/1lT0uiWKW8JGxJQbhagXE1gMl7d4pIxWXDl5gMEWAtTFEwiOhx45QK1gPHyJFA5vEK/0xT6lcVc1LgJ6kIckojGXoAPqHKy4sbYHzedDRiNOlwlmxWKTfxDM6wVPDoIkGGCgONVfhH61snLfWrFvKwYt7wSIymijlJ3uLvmmq91hvO1fCHzMYiRPqpwsQFgzKqlNu3V6lg3bPBEZbzYPDe0/+MLvftfZig1K+1ryjV59JAxv74I/oQAPgJAOOvAHzdZDxCzAOVz0BN1pr5bFXKj24YpBk8iK4wEA/2LvwzLPX7iLEuSJsFfmQXeWrIkcA4ux3A3wDDBKC8vOiC+Q1GQxIjxan0q5iNylr+J90xp0lJ0ZP2KhUc5ZHAPe81SalfImSqC7LBNUXi2KxKbEH0hmq95gGbMwAAylcsfgSMzxoLSozEjmc6BBGgzYJB43ZcU/nM46Hov3f7c3Y96AieI9rxwO6I+2j+b3bcJ4x1MaX8Vr5S3S9VeJKukCJqn67Wax/b/I+Tz2swvxaA/PZiSPfN7PYW4SFL+TXWxzs2VbJKeRsjXp9RHAnc4x4O9+0+gNJe16HMcPCXAj+pwpqh1wemwxA7c0D0uq1fOOmdp7y8eAMY/yvamMRYNEN3B7K0ljKkhrUCxqnqSFhUxdyXd/vjsAsD7VX4hwf2FwF+7F7XoawF64AU+EkdZnhr60aLU4kRiN5crddu3PqlU1+BzG8F4z8jC0qMjT0N3e3LGlvKEAFqYbyCQZRRy5TZvVTwRG15JzTy2t54pX4pn0XmQFkK/KQMexrukXVZqoyvzwD4g+1fpJ2mlbvN9sOh6KsATo8gMDEpIr+4jPQCSB1vwx6nvO5RrzvwwHzq65PIn1oP+Bw2M8M9sr7z7m7mB7g3UAAOjrqGKubkjH8KsePBXVsfvyW0iNr9IHpCtV67Z/sf7DiClJcXvwPmV2KMUqTCAGZ43T60Ldl22oxZMOiAVcp9Bzu9PplDKQzkF/7Z8e2AuW9/G3sN/gsFGfxTSPcduEe7MvjHF4PoFTsN/sAuCQAAlK9Y/CgYfxleXGJWemNgpAqcCJcqZPc+E6/o8buVCuaACwMxGLzL5r9hqd+Ru/6t/UX/xINIFa/bh9fZkI+JsUbvrNZrH9/tT0fPIfunAm4c+T3CKN134K3L5sC0UbkMrIX8yKpqlLWeRJa6ffvXOeDCQDxwd953ovVtcL0rdg+QYFVL0iY2bRjwOhuy2z/+bgDhl0d9w8gEoLy8aEPziwCsBxqWCBQ7nmwOTCHKWrAWRhYMyqpSbgF06uszyMJAO16Lsc59ewHAzusVipA5sCBNrFKGNcM92pWZx/hbB9GLqvXayF3Be+4iKy8v3gLm1wcXlwgDexpety9HcFLGLxhUGFUw6BGqmL9l+xeDKgy0W+EfHtg3A3jkTj9DlvJ3+k/eBlnEGLsevAe7stM/CYheW63XRjcSwxgJAACUr1h8NxjSMCju9HBzoLxAU4UsGlkwiCx6EuUyh7d/PYjCQDtew3Gb0HrHqX/KWLAOLsgJlZTRA8c/5qflA0b80Qer9drfjPOd479KmX8SwLemDUlEhAG9LpsD0+ahgkE7f6pW+cwlUHTX1q/NWhhox8I/mu9ix33cjjHmMv4RRCWDf5ro9QG8tQ1p8JMM3wThleN+89iv1PLy4jFo/jEA0bUdE1PTfQfeRvilYUV0iACrnN9tan3BKuX72FYqeJZEcIefdbhvbwBY2P4HqpBFprogfeDThAGv04PX7ZuORIzHBdFLqvXasXF/YKJUvby8+Dkwfm/yuIQJbLv+vgDJ3FPFWshD5XdooEN4zPZSwdP2kOAd6gnwwPkiwBds/15VysGqlKQPfIr4m/3WQ60sKYJGv1Ot166d5Ccmn6tj/m0A10z8c8IIdjW8432wJ0lAmqjizgWDhqWCbzjxBWbwFLMAvL3wj+ddD887pdSvVS7A2icFftKEXQ3vSBfsyGRvgvwnCG+d9Id2LAW8l26z/QgougHAaRP/sDCDCFYpJzuzU0bbLvSpSz1HvO6AwXwaAJBS/sa8Ma/JALytG76YH+TeANj2erf2F+WMf8rogTss7iMfGBLkARBdWq3Xvj3pD061W6e8vHg3mH8KUgMqOZjhrQ+gAywQI8zbpWDQQauU+zaGr0/WeqIe7Txwtu72Zu7bd2Hr4E8Eq7ogg3/K6A0b3tou/R5EXDGIXjnN4A9MmQAAQPmKxQ+D8dfT/rwwQ/dseBH0jRfRoazl1wrYugFP0eNV/qFSwZMUBtr6vcNSv5duue6wwM8OexBEYnnHevCO90yHISZGf1Gt1z467U/Pdl6H+dUAbp7pGiJyPHDhdaV8cJqQpWDtO7lgEOUeKhXM7s4FfbY76fu2lfolSyFzUAr8pAoPN/vJh4IkuhGEX5rlAjMlAOXlxcGwVPDGLNcR0WPXgz4u5YPThBTB2ndSwaCTSgWP8ya/5XtOKvXrF/gp71qMSCQPexruke447adF/GyA6Eer9dpMDRlmfjWXlxdvBvMbZ72OiB7r4QkBV6p7pQXRKQWDHqGK+Rbgb/AaVcmNtT6xR4T7D5X6fajAj5zzSwu2XX/wl9d+MhG9vlqvtWa+TFBnxLuH7/goCN8fyMVE5FQpB5WTdd008TbsE5/u9MA9zLZ7hSrm/E2DO33/+sCfAXC8JjvOMuAX+LH2yxn/NNE9G94xWe9PsA9Xr7r8BUFcKLj5POaXAbhrr28T8aQ37EA7yAnzrFLuRDe+zVLBuxUGOlH4h/kudpzHAYAq5aXAT8p4x/sy+Cfbt0D08qAuFlgCUF5ePArNL4WUCk4sPXDgrcvmwDRRxezmcb0Fq5TvgdndqTDQsPCPy317HcCCta/gbyoU6cAMd20demOmJWNhlguiH6vWa2tBXTDQHT3l5cX/BOMPg7ymiBY7HnRXNgemicpnoEp5gPBYVcx9Ufedkwp4MIYlgwdOE+ALrUrJ/36RCv5mv3Ww1ABJOPrdar32uSCvGPyWXubfBDBRPWIRL+zJ5sC0UTm/VgBlrWUQfXXrzm+2XbDt3ACtn5KpLuxYYlgkEzvecLOftAhPuGtAeEvQFw1sE+BW3Wb7HCi6HsCBwC8uIiWbA9OFPQ1vfXBE9xxk9hcPAoC7tn5Ed/ucOVA6bbd2wyJ5dM/2i/vIZF7SHRmW+g18j10oh3rLy4vfAvPPhHFtES29Yfu7yeVNJBXIUrDKhYNWIfvtzaI/3LPvzhxckME/LXhY2e+YDP6pQPRTYQz+QEgzAJu6h+/4GxBeEdoNRGTIUlALeTkLnhLMDN0dXO91e6zy2Zr8XtOBPQ1vbUOm/FOD3l29qvaqsK4eblkv5p8HcGuo9xCR2NwXoKVqWOIw+/3d2dXQtgc9cFmv9e7UPTujclnoDbut1wes+46/H8DT0hAmgXTPhvugrPenSAuE14R5g1BnAACg22w/AYquAyBNw1OCMgqqmJOysDHAmgHN/tn+7f+f2f9z/zWuue98TW8MjkNh0SoXD0BroJADKQVvffAA9+3b2XEr8PRFACwQgSwClAIpBVjk/1uR/7tXw/+WyQOj2PXgHeuBHRn4U6QHoiuq9dpNYd4k9AQAALqH268G0Z+GfiMRKZXPggrZk5rQiWDsNKCfGMz1SQP7KC737dv1ht1jx10kS1XVvsKJ4kB6fQAU8rBKfltfbbvQ6wOwpx+E1rez45XheRcDGL0LdDMR2EwQLOUvFSm1JYGQJ0ngmOF1B3K2P42IfqFar70r9NtEkQAAQPfwHR8H4apIbiaiQwSVz4ByGXmTHwMztn061ycN6Juf6Gdgc8++TW8MHHa9xwLYByJYC/nNWgAnuGsboGIemf0PTc5tVgTUG/ZmgtGB5lvYdfNwvSUAUxcIOGnWYDNJ2J4sSDa5J/Y0dM/2yzZLvY40+lj1qst/IIobRZcANNsHoehGAGdHckMROcpa/qxAZj6XBkZOx2sGsw5nV7ZGT/fs27k3YPa8C7FluU0Vc35zoB2SM+f+Y6BSAdmD5R3+Lhp63YYenFQ1cB2ab2LXzQyTgeCX9U5adthMEGTZAfDrNeiNU34nIl3uAtETqvXa0ShuFlkCAADdZvuZUPQfAOS8UYqRpfwZgVwmFR/oApqOD5bmDd0b3K57NsHTFwI4qW4vZS1Y+4qg7M4vNfY03AeOg0qFYae/nZM2dj143cFOG8t6YL6JHQ/w3CUwFgL4W41v+7LDiQQhZcsOzNA9B7o3kMJc6eeB6FnVeu0/o7phpAkAAHQP3/H7ILwp0psKM4igcpafCMRww+DJ0/H65Kn5rZ/e40LrY3rD/rru2VlofRGAU0v2KQVrX2HPan6678DrbIBKfs3/zX0Bu37/sE/ELo+HDeYb2fVcuN5FYK6M/5cK18nLDpvJwpYkIabLDux6w2l+R05kzA16a/Wq2m9GesfIE4BmW0HRtQCWI72xMIv8T2iUGa7/WuF+Qhs9Ha/9/5+E91Wtj3rr9h3ct4vQ+kLsNntGw+59C/mxBjTveB96YwAqFTCqRfBWzOxPQfftUY+dC+ab4Oo+u+4FYD6454VNIzp5P8JJ+xLCX3ZgT4OdYVGm4b9jlXiKKFwLoqdX67VIp3kiTwAAoNtsPxqKbgAQm08KwoDtScHmmyzRjmPYiUF729S78en4oHn6AW998E0eOAvQ+gLsUa9D5bNQ+woTzbK4R9bBjgsqFUBZC5lKaeyfHZYTBu9dE0KD+WZ4usuO+xgwnzH2TeJI7XAMcnPZQRGgaPjcpVOTBeYTM04nKjDKYC98a8N1//+O+sZGEgAA6B5u/yiI/tnIzUUybGYBSR/Qx+Hqe7yN/l3cdypgfgzG+LxJGQvWvgJoil4Nzn3HAGZQqQAQkDmtDJrwI652XOjuwC8ctDcG4xZ43ho77nlgfvjEQSfJMJE9kbAKsRuiH6nWax80cmtTCQAAdA/f8fcgvMxYAEIYxK73bb0+uJsHzulgPm/sH1QEa6EANTy/P8V94T7YBQA/AQCQqZYwTS8ABsA9v1/EhAPd7XC9+9l1z4HmR018YyFSgf62elXtlabubrbNG/PPguipAC4wGocQEWHH/ZZet+/lgXMmwI/GhMdiVSkHtbDzsb7xYzi1Yhy7eqoEgABQMQcqZKHXB9D9sY+oXYCMdcHwnm14+h523LOh9fiJkBDJdisIv2AyAKMzAADQbbYvg6IvYNsxJiHSgm33Dr0xeJAHztkAHjHNNSiX8af7A+jY5x3r+UVk8NAMgCpkYZVnfwmy6/n7A6YvS/tNePoudtwzofVjZw5IiHjqgejKar32VZNBGE8AAKB7uP06EL3NdBxCBITZdr+uu/0OO+6jAJw17YXIUlBjHNObhPvg8RNnyjcTALIUMgeCO8q/pazwLJe5G1rfyY57Ojx9Aeay/I9IJaLXVOu1PzMeRhwSAADoHr7jEyA813QcQkzpRLMddtxzAZw+09V2Kd87M2Z/A+DmbUoPferPnFb2d7AHdqvNIjYT7w/Yyb3Qun1SsyIhkunq6lWXP990EIDpPQBbMf9PEN0IIN27g0WanNRsB8CFQVxUFYbH+napzjeLUVPz7HqgbHBvCUQEq5SDKmR2Kis8qbOg1FmUzwHAZM2KhIiPb4PoJ0wHsSk2MwAA0G22nw1F/449zj0LYZDNPft2vTGw2fUeA2B/UBfeq3xvEPT6AF63/9A9t8wAqNJDnQHDwM5wf0Cw/erXoPlWdt3CsD9BeH8BIWbjgeh7q/Vaw3Qgm2KVAABA9/AdfwTCG0zHIcQJjL7esG8bNtu5AMD4VXPGoQhW2a/IFzZ3bQO85ZP41gSAcpmTOgOGRfcdeBu7lhWeRReabw61WZEQU6Pfr15V+zXTUWwVvwTALxV8HYAnm45FzDG/2c7XdM/GTs12AjFh+d4gOPcfO2ng3ZoAQNGOnQHDcKKs8PA0Qgg2mxURPPfiyJsVCXGyJoieGnWp373ELgEAgG6J60m8AAAgAElEQVSzfR4UrUJKBYsojdNsJyCUz/rH+iJskrTZAfCkOEon5zWjOgOGFdOYZYVnEdtmRWIurIGoVq3X7jQdyHaxTAAAoHu4/WMgeq/pOETKPdRspzAc9EPdXU4Z5a/zT1G+d1abHQBPimdbAjBOZ8AwBHRscBzJa1Ykko3oxdV67X2mw9hJbBMAAOgevuMfQfifpuMQKaP1A153cCcPnPI4zXYCQcN1/hA32e1lswPgVtsTgHE7A4aBweCeM01Z4Wmlq1mRiCH6h+pVtZ80HcVu4n18hvlVILoSgFQEE7M5tdnObOf0J6CKOajybOV7gzBOdb6Ad+hPhEB+WeF8FnpjorLC01IgejwyFihjMRituWlWJKJwGwg/ZzqIUWI9AwAA3Wb7cii6FoCZjyUisbY02zkNzOdHff8gy/cGYbMD4FbbZwCm7QwYhgDKCs/iNrjeA9KsSEypD6KnVOu1600HMkrsEwAA6B5uvxpEf2o6DhF/OzTbiRxZCqpcgCpEv5a+m60dALc6JQHA9J0Bw6IHDvS6DdbGNlBvNit6BLQ+11QQIkGIfqFar73LdBh7SUQCAADdw3e8K+7TKcKMIJrtBIIIaiEPK+jyvQHQPRvesd4pX98pAbBilrwAm2WFh8cGzb5lSbMisQf6s+pVtdeYjmIc8d4DsBXzLwB0LgjPMx2KMM5vtrPe77DtPgrA+cN/jFGFrL/OH+GxvklMMo3u7wOIVwLglxXOQ222HR6EemxwlEfDUo8mKwcAd8PTd7IrzYrECR8H4bWmgxhXYmYAAKDbbJeg6PMALjMdi4ic5oHzNb0eULOdgFDGgrU/3PK9QdjaAXCrnWYAgu4MGAbteNDr/R3/ToZIsyLxFRB9V7VeO3WqLaYSlQAAQLfZfjgUHQbwSNOxiNBtb7ZTNR3QCRGW753Ztg6AW+2UAADBdwYMAwPg8MoKz0KaFc2fb4FouVqv3WM6kEkkLgEAgG6zfSkU/RcCbMQiYiO0ZjtBUaU8rHJ05XtnxbYL9+j6jn+2WwJgVYpQAXYGDFMEZYVnIc2K0q8DoqdX67UbTQcyqUQmAADQbbafB0UfQdwWK8Xkwm62ExDKZ/wqfjFd59/N9g6AW+2WAITdGTAMEZUVnoU0K0ofB0TPr9Zr/246kGkkNgEAgO7h9s+BKPZHLcQOomi2ExDKKKhyESqfjE/E223vALjVbglAVJ0BwxBhWeFZSLOiNCB6VbVee7fpMKaV6AQAALqH2z8PordDZgLiz2+209Z9OzMc9OP9EZMIVjkPVYzfsb5JbO8AuNVuCUCUnQHDYKCs8CwGYL6JXc+D610ozYoSwQHRq6v12l+aDmQWiU8AAKDbbD8Hit4H6R4YP1qveet2O6pmO0GJS/neWe3UAXCrXRMARN8ZMAysOaqywkHZ2qzoQjAfMB2QOMUaiF5Urdc+aTqQWaUiAQCAbrN9CRQdAmCk+pvYwkSznYBQNgNrf3zK985qpw6AW41KAEx1BgyD4bLC09JgvgmeXpdmRbFxJ4jq1XqtZTqQIKQmAQCAbrN9BhRdDeAK07HMnVOb7STqo3Mcy/cGYacOgFuNSgBMdgYMi19WeACO17HBcTAYt0izIqOuG274e8B0IEFJVQIAAN1mOw+i94LwQ6ZjSTvTzXYCQQRVysFaKCQsZRmPe2Qd7Oy+K35UAkBZC5lKLA9kzCRGZYVnIc2KIkXvB+EnqvXa7tl0AqUuAdjUPXzH74HwJqTybd2cODTbCUrcy/cGYacOgFuNSgDi1BkwDKy16bLCQfk6PH2vNCsKBQP01upVtd8yHUgYUpsAAED3cPslwy6CsSgbm1Rsu9/QG4MHjDfbCQhlLL9Nby6Zx/rGtVsHwK1GJgCIX2fAMMSwrPAsNpsVnQWtH2M6mIS7b7jT//2mAwlLqhMAAOg22wdA9CcgvAwJ2oxm2PZmO2eZDigQSSrfG4DdOgButVcCEMfOgGGIcVnhWUizoul4AP0dCG+s1mtrpoMJU+oTgE3dZnsZiv4CQM10LDEVy2Y7QUla+d4geMd6e5bH3SsBUIUsrHJsazQFLuZlhWchzYrGszos7nPYdCBRmJsEAAC6zTaB8Isgegvi1FjGnPg22wkI5YblezPzN/mzWwfArfZKAJLQGTAMCSgrPAtpVnSqNRD9FoB3Vuu1uRkU5yoB2NRtts8A0dtBeDHmb1kg9s12AqEI1r7iXExf72hEB8Ct9koAgGR0BgyLHjjw1lO1LLDdvDcrYoD+GYTXVeu1+0wHE7W5TAA2dZvt7wHRm0H4HqQ5EXio2Y5mz7sQMW22ExRVyELtKya+it8sRnUA3GqcBCBJnQHDwJqh1/tpOC2wl3lqVsQAPgui36nWa581HYwpc50AbOo22xeA6DXDGYF0lN48udnOBUj3i9mnCNb+UmKb9gRpVAfArcZJAJLYGTAM2nb9xzS9swFbbYD55hQ2K1oD6L0gvKNar91uOhjTJAHYottsF0B4GYh+BsBlpuOZWNKa7QSIshasainxteuDMqoD4FbjJABJ7gwYNNYa3rE+2E1USeFZpaFZ0SqI/hLAP1brtb0z4zkhCcAuus32lSB6NQg/iBi3qk1qs50gqWIO1r6iHHLaYlQHwK3GSQCS3hkwaMwM3R1Aj5FgpVCSmhX1APrQ8NN+03QwcSQJwB66zfZBEJ4P0PeAcCWAC2F2v8BxML6i1/trumefD60vMRyPUda+IpRMT59krw6AW42VACAdnQGDpnu2v0Fwfmkwr7LrteG4pwN4EsxuKvYA3ArQtSD8F4BD1XrtqMF4Yk8SgAn5hYXwTICeAcJTADwB4U613wvGYQDXcM9ued3e08H8MqSlOM8MrP3FuSnqM4m9OgBuNW4CkKbOgEHSfWesvRZz4G4Af822cx08fQmYnw7gSgAPC/GeNoDrAfr8cMD/bNoL9wRNEoAZdZvtAoCng+gp8AflMwCcDsJpAE6Dv6lwt133HoAOgKMAjoJxBMARAA8CfBMYnyovL3597dDq94H55wE8F3JmF8CwQl3KOtUFZa8OgFuNmwCksTNgULwNe+zHew44AD4C4M8rK0ufXTu0ughgBYxLAJwO8EE89L54EH7tkd2WLTcAPAjgAf/f9ACA+0C4F0ATwOdlPX82kgBEoNtsL8DPhB8GIAvgXgD3AThSXl7c8Rewdmi1CuCVYP5p/P/t3XmwZGd53/Hve7r79h3NQLciCZSqUDaRHKLGxLQcS2ZxRBoIFC1whDBVKGUTysViKV6SihI7iNimDAleoEKxKJgiZi0hCGJRi0iQZnNAAol2UFWDjCUNVlwSEpK6Z+Yu3X3OefPHuaOZuWsv5/R7lt+n6lZpmdv96KrvOc953+d9HviZZcWaBd5ZVUpPSm9ZhmsHTQA83bQJQF4nA8YlWBvlsXvgovrA+4CP1lqNXZtSDDo9Q5QMnAc8BfCJro8P1dvN6ZaxZG5KAFJm0Ol5wG9j7R+Q1yY9C/AOrVBSRfq+DpoAeLppE4C8TwaMQ3Bik3CzkIWBBxkAvwd8oNZq5GLiUl6oqidFBp3eJVh7J9a+E938dzDVim7+B7B+MPXNf7YXBvIxLS8x3pH8T5icUx14P/DNYbefvePVOaYVgBQYdHpPxvIOsK+ngMf4pmFWypTrh3XU7wDTTAA83dQrABRnMuAirLUExzawk0L1CZhFALwb+M+1VmP/WdWSOK0AODbo9K7C2nvAvgnd/HdlyiXK9bN0859CkjeegjW/mYsxhtKTizl8akol4N8C3x92+690HUzRaQXAkUGndyHWXg+80HUsqWZMtPdc0gV1GtNMADzdLCsARZ0MOA8bhviPryezHZMvHeDf1FqNo64DKSJdVR0YdHq/jrV3o5v/gUqHq7r5T8vamW7+M798EKIHhukYz1ODqum0gf6w27/KdSBFpCvrkg1u7r0daz9ImtsLp4Qpe3hn6ez5tJax76xtgOl5hypKXqdzCPj4sNt/i+tAikZbAEsy6PRWsHwU7Ktdx5IV5bMPq6p6BtNOADzdLFsAoMmAswonPsFw+qJM4cPA62uths5TLoHS0yUYdHrnYO1XdPOfnrda0c1/RqFWAFLHq5Q1nno2rwVuHXb7aR4ylBtKABI26PR+BmvvAJ7rOpbMMAbvSTrvP6tpu/8t9B5KAGbmHa6C0RGWGfxzop4BT3cdSN4pAUjQoNO7DGtvBy5wHUuWlI6sYjxdMGdhg3Cq8b8LCy02VEOgWRjP07bJ7P4xcMew2/9F14HkmRKAhAw6vVdj7a1EAy9kSqZcUvX0HJbZeEZNbmZnDq2oN8DszgO+Muz2X+E6kLzSJzIBg07v+Vj7YUAl7DPSkJ/5LDUBUEvgmRnAO6zP9hxWgRuG3f4lrgPJIyUAMRt0ehdg7U3omN/MTKWkwr85LTcB0ArAPLxKCVNWs885HAI+P+z2f8p1IHmjBCBGg06vjrUd4FzXsWSRd0gLJvNa5k3Z+gEWHR+eh3dIsxTm9FTg5mG3ryFpMVICEJNBp1faevJ/hutYMskzGjQzp8QmAO75hmgy4JzMShlU4DqvnwU+Oez2tYwSEyUAcbH8OfAC12FklXdoRcN+5uSiKE91APMxxuBVlegu4KVE0wQlBkoAYjDo9H4X7Otcx5Fl3iFV/s/LTQKgOoB5aaVrYVcPu/3fdh1EHigBWNCg03sV1r7NdRxZZsqeeqYvYBkNgHa+pxKAeZmSPu8xeOew27/cdRBZp0/hAgad3vlbg330c1yA0ZLo/BKeALjn22oy4EJ02mVhHvCRYbd/nutAskw3rkVY3g3UXIeRddoTnZ/LJ3FtA8xPCUAszgb+1HUQWaYEYE6DTu9fgP0V13FknmcwFRX1zstpAjBRIeC8TKWk0wDx+LVht3+Z6yCySgnAHKLRvva9ruPIA09PQgtZxgTAvWgFYH6GqDGQxOL9w25fy4hzUAIwD8t1wIWuw8gDLYUuxkUB4BPvrQRgIaaiz35MLgL+vesgskgJwIwGnd6FYK91HUdeKAGY39ImAO5FkwEXoq2vWL1l2O3/tOsgskYJwKysvR71+Y+HZ3QcagFpOIqXhhiyypQ81QHE5xDwHtdBZI2uvjMYdHqvAV7oOo680P7/YtJw81VHwMWoDiBW7WG3f4XrILJECcCUBp2eh7XvcB1Hnmj5fzHpSADcx5BlqgOI3Z8Nu33d16akH9T0rgSe5jqIPNHFbzFpuPlqMuBiVAcQu6cDbddBZIUSgGlZe43rEHLFM5iyPn7zWvoEwD0DQZMBF6A6gERc7TqArNAVeAqDTu8i4J+5jiNPtP+/GDt2//R/UhpWIrJMdQCxe8mw29cx7SkoAZiG5TfRsNpYaf9/MXbs7vz/dmGKkpEs0lZY7AzwG66DyAIlAAcYdHpngb3KdRx5o4veYkKHDYC2s5NAVQALUB1AIl437PYPuQ4i7ZQAHOx1aOBPvLT/vxA7Cdw2ANrOWtA2wNxUB5CIs4HXuA4i7XQVPoi1b3IdQt5o/38xaVr+P0nbAItRHUAiVLh9ACUA+xh0epcBP+s6jrzR8v9iwtHEdQg7uJxJkAfaBkjExcNu/1LXQaSZEoD9WP616xDySAWA87NBmIoGQNvZSRDNJpC5KClOzGtdB5BmSgD2ZZ/vOoLc0f7/QsKNsesQ9pTGlYmsUB1AYl7gOoA005V4D4NO73w08jd22v9fjN1M703Wbk50GmABqgNIxEXDbv8810GklRKAvWnoTwK01Dk/O/ZTvcxuQ6tagAWoDiAxauK2ByUAe7Fc5jqEPNL+//yCtZHrEA4Urqd3iyLtlBwnRgnAHpQA7En7/7HT/v/cwpGfyuN/29lJQJiBONNIdQCJ0cPcHnQ13sWg0zsHeIbrOPJG+//zC09suA5hauHaSBMC56RtgEQ8a9jtn+06iDRSArC7FvrZxE5LnPMJ18fYDE3cs0GI3UhvsWKaeWUlAAnwAK3o7kI3ud1o/z8RZkUXt5mFlmBt03UUMwvWx9g0jCvOGK0AJEZ1ALtQArAr+zzXEeSOZzB6uplZsDZKV9//aVmrgsA5mHJJdQDJUAKwCyUAu/tp1wHkjafl/5nZICRcT3/l/17CjXGqjy2mlRLlRKinyy6UAGwz6PRKaPpf7HT8b3bB8ewt/W+XhaOLaaOGQIk4e9jt6we7jRKAnZ4KaA0uZtr/n40d+9gctNa1Y1/HAmekOoBEGOBc10GkjRKAnZ7iOoDc0f7/TGwQ4g/XXYcRm+D4prYCZmDKJTB6BkmAEoBtlADs9FTXAeSN9v+nZ0NL8PhaNgv/9mItwbENbJ7+mxKmVYBEaCbANkoAdtIKQMy0/z8lC8FgLZdPyzYICY5v6GjglFQHkAglANsoAdhJCUDMtP8/neDYOnYSuA4jMXYSEJ7IfmHjMmgFIBFKALZRArCd1T5RrLT/P5XgxCZhikf9xiUc+QQZPtq4LKoDSISu7dsoAdhJWWKMtP9/sHBjTFig43Lh+rgQyc6itAoQO13bt1ECsIPVhyRG2v/fnx37BMeyM+gnLsGJTcKJjgfuR3UAsdO1fRslADtVXQeQJ9r/35sd+/iD/Bz3m1VwTEnAfrQCELtV1wGkjRIASY7R/v9ewo0x/uNrUOSqeGsJhhvaDtiD6gAkaUoAJDGmpI/XboITm4Vc9t9LcGJThYF7MCUlAJIcbdBKcjTV7ExbDXH0xLtTuD6GIMQ7sorRU+8p+llIgpQASGKsn98z7bM6WeyXxyY/cQlHPtZfxzuyqgK4Lfq8SJK0RivJCS226INgbLTE7T+ezw5/cbNBSDBcJ1gbFb5rYDgJ8tUSWlJHKwCSqODYBuVznjTXfEUbhBCET/SQ96qVTM1ptJMgeurXSsjMwo0xduJTOrKaqUJSi8WOAsBGTbA8b65aGGutuiZK4pQASKJsEBKsbVI6Mt0JHBuEhJsT7OYY65/5xBx4Bu/QCqXDq+lOBKyNzrmvj11HkmnWD/EH63irFbzD1VTXBljsqQZH257aTcnDVMt41crUyUC4MdaKkSROCYAkLlwbnSrw2uUCaEOL3ZwQbo7374Uf2ui1QkvpyYcSjHh+4eaE4PgmhLp4xyXcnBCOfUqHV/Gq6bxkhSdGexZ32iDEro8J18eYcgmvWsZUK5hdimRtEEaJxEiFopK8dP42Se6EmxPCzQneoZWowYlnwA8Jx/7MdQLhxhhT9vDOSk/Ppiem3Y0KXvOQlNASHN8gHJUpHalivPSULwUb07c2tn5A4AewNsJUSphKGVP2onoZP9AJEVkqJQCyVOHGGGI4Ah+sjVOTAITrI4ITo2I39VkSO/bxH/fxzqriHapgUrAXFG7Mt9VjJ0Gupz9K+ikBkGwKQ2wQOm02pCI/R2y0rWRHE+dFgjYMVakvmaUEQDLLTgI3CYCK/FIhDUWCeoKXLFMCINnlYMk9KvLb0FNfipwqEqxGR0WXSR8DyTAlAJJdS3ziU5FfyoWW4Pgm4ShKBJa2MuS+BEFkbkoAJLuWdPEN10YEayryywI79vEnSywSTHFvApGDKAGQDEv24qsiv4w6vUjw8Gp07FREdlACIJmV2MOX3VpOnvN4l6SD9UP8YcJFgloBkAxTAiDZlcDFV0V++ZNkkaDu/5JlSgBE2CryO7ah6YV55apIUCTFlABIsdmtTn4q8iuEJ4oED1XxzkpHJ0ERV5QASGbZIFyowEtFfgW1lfTZ0QTvyCreIp8hTeyTDFMCIJllxz6szrGnG2518lORX6HZICQYrmMXKBK0YyWPkl1KACSzws1JdOGeYT9XRX6y3bxFgjYICcea3ifZpUoYyS5r8R9bm2oZ1gYh/uNrBMN13fxlp60iQX+4Pv3nabiuVsCSaUoAJNvCEP+xE3vv41sI1kb4jx5Xhb8cyE4C/MEawfoYu0dRqPWD6OavRFIyTlsAkn2hxX/0BKbsYVYqmJUS2OhCHW6MdaGW2WwVCYabY7xqBVP2wBjsxMeOAxX+SW4oAZDcsH6I9Uew7joSyYXQqlBUck1bACIiIgWkBEBERKSAlACIiIgUkBIAERGRAlICICIiUkA6BSCxsNYShAEWMIAxhpI3f491EYkEYYC1Fmuj8cMlrzRX22KR7ZQAyELCMGTsTwjCkO1t0TzjUSmXKZf0MROZlR/4THyfMNzZd6BUKrFSruB5WsSV+enKLHMLwpDN8Yi9+qGGNmQ0GRMEIdWVleUGJ5Jho/EIP9h70FAQBGyEAasrVa20ydyUPspcgjDY9+Z/Oj/0GU3UUEVkGqPJeN+b/xMsbI5GBKEmEsp8lADIzKy1jMZjZpmE4ge+LlQiBwjCAN+fbWbFaLz33AKR/SgBkJmNJmPsHGPQpnqqESkwf6+hVvs4lZCLzEYJgMxk4k/mfpL3g0DTU0X2YIlWyuYRhAETfxJvQJJ7SgBkakEYMp5xefJMFrRUKbK7BX83xpOTp3FEpqMEQKZisVuFfLqBiyQihrP9o/FI9QAyNSUAMpXxeIK1iz5dGDUwEdlDHL8Z1lrGOnEjU1ICIAfyAx8/XGTpP1Iu6byyyH7iaJrlB8HctQRSLEoAZF9RM594iosq6ggosq9KOZ7fkdF4TLjwip3knRIA2des5/33UvLKaluaPpvAhusg5BTP8yjFtFKmo4FyEF2RZU/jSTxPEcYYqpVKDBFJzB4DHnEdhJypWlmJpVYmDEPVA8i+lADIroIgYBLTPmK1UlXxXzo9ihKA1DHGUF2pxvJaE98nUAMu2YMSANnBWhtb7/5KuUJJS/9p9RjwE9dByE4lz6MS06rZaKJWwbI7XZllh3lb/W7nedHIUkkr8xO0ApBacY37jVoFj2KISPJGCYCcYZFWv6czGFYrGgGcco+gBCDVVleqsTQICsJQrYJlByUA8oTFW/2eshJTIZMkSglAykUFtPEk0moVLNspARDg9H3/xZf+y6Wymv5kgeEnqAYg9cqlEuXY+gOoVbCcogRAgOjpYPFWv+AZL7YnFkncw2gFIBOqlZX46gF0NFC2KAGQ2Fr9gqG6opt/higByJC4EusgCPBj2uqTbFNv1oKLngjiKQ5aKVfwjHLKDOkDOiSeEZ7nsVJZiaW5z2gyplQqqU6n4HS1LriJ7xNPq99SbH3MZSnurbebD9VajUeIEgHJgEq5HFurYJ0KECUABWaxsXT7i7NSWZbFfPO0v/m6szBkZnG1Cp4EvgoCC04JQIGFYUgcT/9q9ZtB5oyb/tecxSEzi61VsD15DZCiUgJQYHEk/2r1m1n/+7S/VgKQMXG1Ctbzf7Hpyi1zU6vfzPp/9Xbz/pN/U2s1HgR+6DAemUM8rYKVAhSZEoAC8xZYtler3ywz39rlH6oOIIMWbRWsUzvFpv/7BeZ53twXALX6zTCz681e2wAZtEgBrud5sTQXkuzS//2dCrUmVi7NfnRPrX4zr7vLP1MCkFHztgqe53c/4wp1bZ+GEoAdTKF6o1fK5ZkuBCWvpCN/2fbjeru549x/rdX4W+BeB/FIDKqVlZn6A5RL5SL27VDXy22UAOz0gOsAlq1aWaHkHXzxqJQq0Z6jZJj56D7/8kNLC0Nit7pSpTJFUW6pVCpqy+7CXdsPogRgO1PMD8nqSpVqpbqjJsBgtp76q6zEcOxInAowvGeff/9BQJNiMmylUqG6Uo1WA7bV6HieR3WlWuQkvpDX9v0Ubg1oCj9yHYAr5VKJcqmEBWwYglGVcM58sd5u7vn5rrUaDw+7/f8JvGaJMUnMTv4eA4Q2BAvGMxgKX7SrBGAbXd13+oHrAFwzLHZCQFLKmP2e/k96X+JxyNJ4Jqr0180fUK+LHXSF36bebt4H/JXrOERi9tf1dvPWg/5QrdX4S+B7S4hHZJm+vVXoKqdRArAbY25wHYJIrIz5wAx/WqsAkjcfdx1AGikB2N1H0Jx0yY814M9n+PMfA44lFIvIsvmAHup2oQRgF/V280Hgq67jEImHuaHebk59Q6+1GmvAhxMMSGSZbq21Gg+7DiKNlADsxZhriTJHkSwLMfy3Ob7vfYBmxUrW+cDvuQ4irZQA7KHebvZgqqppkRQzH6q3m3fP+l21VuMHwHsTCEhkmd5VazVm/vwXhRKA/RjeTIH7AkjmPYzh2gW+/zrgwbiCEVmyHwF/4DqINFMCsI96u7mOMW9EWwGSRcZcW283B/N+e63VOAb8TowRiSxLALyx1mqsuw4kzYy1GpB0kEGn96+w9sOARuBJVnytfvnFL4jjhYbd/v8CXhLHa4ksQQj8aq3V+ITrQNJOKwBTqLebH8eYN6CiKMmG0dbKVVyuATZjfD2RpFjg13Xzn44SgCnV280PYczVwMR1LCL7M39WbzfvievVaq3GvcDb4no9kYT4RMv+f+E6kKxQAjCDerv53zHmOYCqSiWt7sXw1gRe94/RnAxJrx7wC7VWY5aGV4WnGoA5DDq9Cpa3gP2PQNKDtf8OuBvM/8XQA/6WqDL7GPB04AIszwN7BfC0hGORtDPmpdP0/J/HsNt/AfCVJF5bMuV+4Ebgm1t//QBwBHgq8A+AZ299NYGfSjiWEfBW4I9rrYaKtWekBGABg07vH2G5BuxVwLkLvlwA3AfmbqCH4S7gO/V28yczxPNCrP0Tol88KRzzjvrlzd9N8h2G3f7vo6NVRXU7cO3WwKipDLv9v8epZODk1zNYvKD6x8BfAB+otRr3LfhahaUEIAaDTq8CvAprX0f0YT/vgG8ZAT8A872tp/o7gbvq7ebCR1YGnZ4B3oi17wQOLfp6khk31S+/+JXLeKNht/9x4KplvJekwjpwNfCRWqux8A1j2O0fAv4JZyYFzwJWD/jWh4DvAP8D+IKe+BenBCABg07vbOCZQAM4B3gUePi0r/vr7Waiw4YGnd5lWPtZoJ7k+0gq3IUxz6+3m0up1B92+1WgCzx3Ge8nTj0KXF5rNW5P8k2G3X6JaAvz3K2v83Hvg7gAAAfoSURBVDh17bwHuKfWagyTjKGIlADk2KDT+3ms/QZaCcizBzDmknq7+dAy33TY7Z8H3EFUhyL5tAY8R61080unAHKs3m7ehTH/znUckpjjGPPyZd/8AWqtxiPA5YCeyvLrGt38800rAAUwuPm7HeBlruOQWAUYc0W93fyCyyCG3f6LgVuAsss4JHafqbUaV7oOQpKlFYAiMOb3iTpkSV5Eff6d3vwBaq3Gl4DfdB2HxMoCf+g6CEmeEoACqLebdxIVbUkumLfX2813uY7ipFqrcT3wFtdxSGxuqbUa33MdhCRPCUBRGPN51yHIwiYY84b65c03uw5ku1qr8UfArwJj17HIwj7nOgBZDiUAxfFV1wHIQgYY87J6u5naVqe1VuNjwIuIjm5Jdk3d6EeyTQlAcdwNHHcdhMzlKMY8r95uftl1IAeptRrfAJ4D/NB1LDKXIZr5UBhKAAqi3m5aojkCki13YMwv1NvNvutAplVrNX4I/CLwddexyMzui6Pbn2SDEoBiUQKQKebTGHPZLPMg0qLWajwGvBj4qOtYZCZHXQcgy6Ozu4VifqTTgJkQgPmv9cub17kOZBG1VmMM/Nqw27+HaICQrjfpd9R1ALI8WgEoEsP9rkOQA92JMZdm/eZ/ulqr8TbgYuD/uI5FDqRrRIEoASgW/XKn1wBjfmurr/9droOJ21ZL2V8CXg885jgc2dtR1wHI8mhJrlg0NzuVzI0Yfqvebv7YdSRJ2iou++Cw2/8s8KfAax2HJDsddR2ALI9mARTIoNOrYe3AdRzyhL/BmGvq7eZtrgNxYdjtXwa8H7jIdSzyhCfXWg0dFy4IbQEUSL3dHAJKANzbAPNHGPPMot78AWqtxteAnwPeTDR6Vtx6VDf/YtEWQPE8ANRdB1FQ92HMB4AP1NvNx10Hkwa1VmMCvH3Y7b+XaEvgauAZbqMqrKOuA5Dl0gpA8agXwHIFwBcx5nKMubDebr5DN/+daq3GsNZqvJtoO+DFwE1EPztZnqOuA5Dl0gpA4agXwJI8CubDGN5Tbzd1+mJKW4WCXwa+POz2nwa8kejkwFOcBlYMR10HIMulBKBoDPfr/p+YEPg2xnwQ+Fi93Ry5DijLaq3GA8B1w27/rcCrgDcQHSXUymUylKgWjBKA4tEvebwC4FsY8xngxnq7+XeuA8qbrY6CnwA+Mez2zwf+JVFCcBm6hsXpqOsAZLn0y1M897oOIAcmwDe2bvqfqrebD7sOqChqrcZDwPXA9cNu/xzgl4EricYQr7iMLQeOug5Alkt9AApm0OmdhbXHgJLrWDJmE/jq1k3/0yrkS5dht18DXk6UDLwEOOQ2oszxiXoAbLgORJZHCUABDW7+bg94tus4MmAd+DLGfBr4bL3d1BnpDBh2+4eBlxFtE7wMOOI2okz4dq3VuNR1ELJc2gIoJPMtsEoAdncczK0YPg18vt5u6okoY2qtxhrwKeBTw25/lWhF4ErgFUDNZWwp9peuA5DlUwJQRIavY/kN12GkyONgvrh1079F1fv5UWs1NoHPAZ8bdvsrwAuJkoFfBs51GVvKfMN1ALJ82gIooEGndz7WPug6DsceAdPBcCNwW73dVNOZAhl2+yWiUwSvAq4AzncbkXNPqbUaj7gOQpZLCUBBDW7+7m1EHdeK5EEwn8fwKeAr9XYzdB2QuDfs9j3guUQrA1cCT3Mb0dJ9odZqvMJ1ELJ8SgAKatDpXYq1t7uOYwl+tHXTv7HebmqfUw407PYv4VQycIHjcJbh4lqr0XMdhCyfEoACG9z83S8CL3UdRwL+BsznMHyy3m5+x3Uwkl3Dbv/niLYJriSfY4s/W2s1rnAdhLihBKDABp3eP8XabwPGdSwx+D6Ym7Zu+t9zHYzkz7Dbv4goEXgV0RjjrLPAs2uthn5fCkoJQMENbu69C+zvuI5jTn8F5rMYbqi3m/e4DkaKY9jtX8CpbYJLHIczr/9SazX+k+sgxB0lAAU36PQ8rL2N6HhU2oXAXRhzE3CDpuxJGmxNLTyZDDyXbAwr6gCvqLUaKoQtMCUAwqDTOxtr7wT+oetYdhEAt2+14P2khu1Imm0NK7qCU8OK0thy+x7g0lqrMXQdiLilBEAAGHR6z8TaLwF/33UsRH3JTx+282PXAYnMatjtn8uZw4oqbiMC4AHgRbVW469dByLuKQGQJ2w1CPoM8BwHbz/izGE7jzmIQSQRw26/zpnDilYdhPFV4NVq+CMnKQGQMww6vQqWd4N90xLeboMzh+0cW8J7ijg17PaPcOawosNLeNt3Af+h1mr4S3gvyQglALKrQaf3Sqx9K/DMmF/6OJjbThu2sx7z64tkxrDbP8SpYUUvJ/5hRT3gulqrcUvMrys5oARA9jXo9H4Fa98CPGuRlzlt2E5Hw3ZEdtoaVvQiTg0rOmeBl7sL+MNaq/GFOGKTfFICIFMZdHovwvJisL8ENNl/D/M4cDeYHoZbgC/V283JUgIVyYFht18mOkXwUuDngYvZf3VgE7gd+BrQrbUaX088SMk8JQAys0GnVyUqFDwPqBIlA1VgHbgD+H693dQHSyQmw27fABcSJQNnERXNnvx6FLir1mpoZU1mogRARESkgLLQsUpERERipgRARESkgJQAiIiIFJASABERkQJSAiAiIlJASgBEREQKSAmAiIhIASkBEBERKSAlACIiIgWkBEBERKSA/j+uhURj3AaxZQAAAABJRU5ErkJggg==',
        32.0);
INSERT INTO product_ingredient (product_id, ingredient_id)
VALUES (3, 11); -- Hyaluronic acid

INSERT INTO product (name, product_type, manufacturer, usage_instructions, image, price)
VALUES ('CeraVe Hydrating Cleanser', 'CLEANSER', 'CeraVe',
        'Use morning and evening. Apply to wet hands and massage into the skin, then rinse thoroughly.', 'iVBORw0KGgoAAAANSUhEUgAAAgAAAAIACAYAAAD0eNT6AAAABHNCSVQICAgIfAhkiAAAAAlwSFlzAAAN1wAADdcBQiibeAAAABl0RVh0U29mdHdhcmUAd3d3Lmlua3NjYXBlLm9yZ5vuPBoAACAASURBVHic7N15nCNndS/833lKe2tGmvEGBoztBi9twJYBt4GQQMObADLJDSQhEG5CgCRkYwmBkJWQS/ZceBMgCdlJuG9YElYPuSEgSAzGGpa2sS0vIGOIDV5nWjPqllTLc94/Sj3u6elWa6mqp6p0vp+PMe7prjqjlvQcPcs5xMwQQgghxHxRpgMQQgghRPQkARBCCCHmkCQAQgghxBySBEAIIYSYQ5IACCGEEHNIEgAhhBBiDkkCIIQQQswhSQCEEEKIOSQJgBBCCDGHJAEQQggh5lDGdABCpF2n0VoAsATgcQDyANaH/2wAuBvATZWVpbmqyd1ptAj+4/EIACUAC8N/BgBuBtCqrCx1zUUoRPqR9AIQIlidRssC8DwAPw7gcgDnAaARP/IAgAaATwP4ZGVl6c6wYzSh02idC+B7ATwLwAqA00d8OwO4E8AqgH8EcHVlZckLOUQh5ookAEIEpNNoPQrAKwG8HMAjp7yMBvBeAG9OSyIwHPjfAuClmH7Z8W4AfwfgrysrS/8dUGhCzDVJAISYUafRUgDeCH+QywV0WRvAXwF4a2Vl6d6ArhmpTqN1FoDfAPDTCPZxeTOAP6qsLOmArinEXJIEQIgZdBqt8+FPUT8tpFscBfDCysrSZ0K6fig6jdYzAfwrgAMh3eLzAH68srJ0R0jXFyL15BSAEFPqNFo/CuAGhDf4A/4A+u+dRusVId4jUMNY/x3hDf6A/5jfMPwdCCGmIDMAQkyh02h9P4APAbAivO2fAPiVuE59D5dC/hDAL0d4Ww/ACyorSx+L8J5CpIIkAEJMqNNofReATwIoGrj9PwB4edyODQ6P9f0dgJcZuH0PwPdWVpY+Z+DeQiSWLAEIMYFOo/V4AB+HmcEf8AfYtxu69yhvh5nBH/B/Fx8f/m6EEGOSBECIMXUarSr8wb9qOJTXdBqt3zYcwwnDWF5jOIwq/CTA9O9GiMSQBECI8f01gEebDmLozZ1G67WmgxjG8GbTcQw9Gv7vSAgxBkkAhBhDp9H6KQA/ZDqObd7WabR+0tTNh/d+m6n77+KHhr8rIcQeZBOgEHvoNFoXA/gS/Jr1ceMBeFFlZelfo7xpp9F6IYD3I9pTEOPaAPCkysrSLaYDESLOJAEQYoROo1UA0ATwBNOxjGADeH5lZemTUdys02h9L/y9EEFV9wvDVwEsV1aW+qYDESKuZAlAiNH+GPEe/AF/IP5wp9EKsyARAGB4jw8j3oM/4P/O/th0EELEmcwACLGLYbGfj5qOYwJrAJ5ZWVm6PoyLdxqtywB8BuZPQUziB6RIkBA7kwRAiB10Gq1HwC/ze5rpWCZ0H4CnV1aWbg/yop1G6wIA1wA4M8jrRuBBAJdWVpbuNh2IEHEjSwBCbDMsafteJG/wB/wB+lOdRuucoC44vNankLzBH/B/h+8d/k6FEFvIi0KIU/0qgGeYDmIGjwJwTRCV8YbXuGZ4zaR6BvzfqRBiC1kCEGKLTqP1FAD/BSBjOpYAHAfwksrK0tXT/HCn0boKwP8HYF+gUZnhAvjuysrSF0wHIkRcSAIgxFCn0aoAuB7AuYZDCdrHALyxsrJ02zjf3Gm0LgTwRwC+P9SooncngMsqK0sd04EIEQeSAAgx1Gm03g/gR0zHERIX/g7+j8Nfz7+zsrLUA4BOo1WEn/Q8G8DzATwT6ZgB2ckHKitLLzIdhBBxIAmAEAA6jdYrAPyN6TgidmT474NGo4jeKysrS39rOgghTJMEQMy9TqN1EYAvI56lfkXwNgA8sbKydKvpQIQwSU4BiLnWabTyAN4HGfznSQnA+4a/eyHmliQAYt79MYBLTQchIncppFSwmHOyBCDm1vCY28dNxyGMev60xySFSDpJAMRc6jRaZ8Mv9Xu66ViEUQ/ALxX8bdOBCBE1WQIQc2dYFvafIIO/8J8D/ySlgsU8kie9mEdvArBiOggRGyvwnxNCzBVZAhBzpdNoXQm/tn1aC92I6bjwuyheZzoQIaIiCYCYGyku9SuCcSekVLCYI7IEIObJuyGDv9jdufCfI0LMBUkAxFzoNFovByA14MVeXjR8rgiRerIEIFJv2N3uywAWTMciEmEdfqngsbonCpFUMgMgUm1LqV8Z/MW4FiClgsUckARApN0fArjMdBAicS6D/9wRIrVkCUCkVqfRqgOQMq9iFldVVpYOmQ5CiDBIAiBSqdNoPRx+qd8zTMciEu1++KWCv2M6ECGCJksAInW2lPqVwV/M6gxIqWCRUvKkFmn0RgDPMh2ESI1nwX9OCZEqsgQgUqXTaC0D+Byk1K8IlgvguyorS03TgQgRFEkARGp0Gq398Ev9nmc6FpFK34BfKviY6UCECIIsAYg0+UvI4C/Ccx7855gQqSAzACIVOo3WywD8vek44o6Z4bguNGtorQEASikoUshmMiAiwxEmwk9WVpb+wXQQQsxKEgCReJ1G6wIAX4FU+xvJ9VwMHAfY7TVPhHw2i4wl2yf2sA7g8srK0u2mAxFiFrIEIBKt02jlIKV+92Q7Dga2vfvgDwDMGNg2bMeJLrBk2iwVnDMdiBCzkARAJN0fAKiZDiLOPK3huOMP6o7rwBsuD4hd1eA/94RILFkCEInVabSeB7/Uryxcj9Ab9E+s949LKYVivhBSRKnB8EsFf8J0IEJMQxIAkUidRuthAL4KqfY3EjNjo9+b6mdLhaJsCtzb/QCeUFlZusd0IEJMSpYAROJ0Gi2ClPody6Sf/IP62TmyWSpYMiWROJIAiCR6I4Bnmw4iCTTPkADM8LNz5tmQUsEigWQJQCRKp9G6An6p36zpWJLAdh04U+7qz2azyGXkYR6TA79U8GHTgQgxLpkBEIkxLPX7z5DBX8RPFsA/D5+jQiSCJAAiSf4CwPmmgxBiF+fDf44KkQiSAIhE6DRaPwHgJabjEGIPLxk+V4WIPdkDIGKv02g9Fn6p37LpWJJG9gAY0YVfKvhrpgMRYhSZARCxtqXUrwz+IinKkFLBIgEkARBx9/sALjcdhBATuhz+c1eI2JIlABFbnUbrOQA+ASn1OzVZAjCKATyvsrL0f00HIsROZAZAxFKn0ToLwHsgg79ILgLwnuFzWYjYkQRAxNXbAJxpOgghZnQm/OeyELEjCYCInU6j9SzIkT+RHi8ZPqeFiBVJAESsDHdOv8t0HEIE7F1yKkDEjSQAIm7eCOBC00EIEbALIQ2DRMzIKQARG51G63wANwMomI4lLeQUQKz0AVxSWVm6w3QgQgAyAyDi5Z2QwV+kVwH+c1yIWJAEQMRCp9F6IYDnmo5DiJA9d/hcF8I4WQIQxnUarTKAWwA80nQsaSNLALF0F4CLKytLXdOBiPkmMwAiDt4AGfzF/Hgk/Oe8EEbJDIAwqtNoZQF8C8DDTMeSRjIDEFv3ADinsrI03S9HiADIDIAw7Qchg7+YPw+D/9wXwhhJAIRpP2s6ACEMkee+MEoSAGFMp9G6GMAzTMchhCHPGL4GhDBCEgBh0qtMByCEYfIaEMbIJkBhRKfRKgH4NoCK6VjSzPU8DOzBVD+bz+WRsayAIxLbdACcXVlZ2jAdiJg/MgMgTHkJZPAPnVLTv8Rn+Vkxtgqk86UwRF7hwhTZABUBRQQimvjniAhqip8TU5HXgjBCEgARuU6jdSmAy03HMS9y2cm70E7zM2Jqlw9fE0JEShIAYcIzTQcwTzKWBWuCtXzLsmTtP3rymhCRkwRAmPB00wHMm3wuh0wms+f3ZTIZ5HPy6d8AeU2IyO39jiBE8L7LdADzhkDIZ3PIWBYcx4XHGtg8AUQEixSy2QwsJZ/8DZHXhIicHAMUkeo0WhcAuM10HALQw9e+bPaLjQsrK0u3mw5CzA9ZAhBRk086MaFkp3/cyGtDREoSABE1WesUYmfy2hCRkgRARE3e5ITYmbw2RKRkD4CITKfRejj88r9CiJ2dXVlZ+o7pIMR8kBkAESVZ4xRiNHmNiMhIAiCidIHpAISIOXmNiMhIAiCidJrpAISIOXmNiMhIAiCidLrpAISIOXmNiMhIAiCiJG9uQowmrxERGUkARJTkzU2I0eQ1IiIjCYCIkry5CTGavEZEZCQBEFGSNzchRpPXiIiMFAISkeg0WjkAA9NxCJEA+crKkm06CJF+MgMgoiLHm4QYj7xWRCQkARBROWA6ACESQl4rIhKSAIiodE0HIERCyGtFREISABGVB0wHIERCyGtFREISABGJysrSBoCe6TiEiLne8LUiROgkARBRetB0AELEnLxGRGQkARBRkqlNIUaT14iIjCQAIkry5ibEaPIaEZHJmA5AzBV5cwuSIqh8FiCAXQ14GuzpUG9JlgIsBcoogAE9cAAtxcQCJK8RERlJAESU5M0tAJSxoEo5UC4D2vZn7Gl43T7Y8YK9Z9aCVS74CcAWaiEPtl3oDRvsBnvPOSWvEREZWQIQUZINTjOirAWrUoTaYfAH/E/oVqUIylrB3nN/8ZTBHwAIgMplAr/nHJPXiIiMJAAiSt8yHUCiEcHaVwTRTkP/lm8D7TpgT3xLpfxr7XXPYWzY4/vEnuQ1IiIjSwAJ1m22CX7d8DMBnAnCaQCKYNwP4N7Nf8rLi+EuDI/vWtMBJJkq5kBqvAGWiKDKBXid2Y6Uq335PQf/E/dUBFXMQW9Iz6cZxOY1snZoVWHzvQU4C36nwj78ZYoHANwH4Ei1XpNNIAkl3QBjbDjA10C0AuAKAGeAcABABX698H3YexZHAzgO4AiAI2A8CH+a8VYwfxpAs7y86Ib1d9iu02jdB+CMqO6XGgRkDpTHTgA2eesD6N50jeVUMQdrIT/Rz7BmuEe7gLytTOP+ysrSmVHdbO3QqgX/feWZYFwM8GnwB/mD8D9Y7Md47y/HABwFsAbgCED3g3AYwGcA3CAJQnxJAhAj3WY7C+BKED0LwNNAeDL8wT5M62B8GcDnwdwAcE15eTG0j3CdRutDAH4wrOunlcpn/Cn2CTEzvLWNiU8HkKVgVUtjf/rfyjvegx5EllOmyYcrK0svCOvia4dW8wCeBsYzAH46gCcBKId1v83bAmgC9DkQPgPgcLVec0K+pxiTJAAGdZttBeBZIPp/QHgagBqAyd/lg2UDuB6Ma8H8b+XlxU8GefFOo/VLAP53kNecB1alBDXlJjt2Pbhrky0FZKolUGa6+2nHm3npYU69vrKy9LYgL7h2aPXZYHwfwE8DcDmAyaZ0gtcD8KVhQvBpAJ+p1mtxWaKcO5IARKzbbGdBeA5AP+L/G6ebjmkPd4DxN2D+y/Ly4tFZL9ZptJ4M4HAAcc0NshQyBxZmuoa3MYDeGG8pQJVysEqzjRPu0fXQaxKk0BWVlaUvznqRtUOrVQA/DeafAvCY2cMK1f0AfQKEDwD4D5kdiJYkABHoNtt5EL4foB8C4fsQ/rR+GHpgfAjMf1ZeXpx6AO80Whn404KzjWhzxFrIQxVzM12DwfCO9cH26Kl5ymVg7S+AdjxkOD7ds+Gty2bACawDqFZWlqZeO1k7tPokMH4R4B+G+ZnEaawB9G8g/AuAQ9V6TZ5AIZMEICTdZnsBhP8xHPSfjfDX2qL0FTC/G4z3TLNfoNNofQrAs0KIK30IyBwsT7UWvx0D0N0+dH/nD1mqkIUqF2Yc+of3YoZ7RDYDTuDTlZWlZ0/6Q8N1/ZeC+VXw1/TT4jhAnxwmAx+r1muyphQCSQAC1G2294PwwuGg/0wkMwufxBEw/hbMv11eXhz7BdpptN4M4LfDCys9VD4La18h0Gtq2wU73olqgZS1QFkLKhfsqWBvRLIhTvHblZWlt4z7zWuHVotg/CbAPw1/x36a9QB8CkT/AuAj1XrtmOmA0kISgBl1m+2DILwIoBeA8N0AZpurTaa7wPxL5SsWPzjON3carRUAnw45plTIVEqJrbA3zebDOfasyspSY5xvXDu0+gIwvx3AOSHHFEcDAJ8F0YcAfLBar828L2meSQIwhW6z/bDhoP+DIDwVQNZ0TLHA+A8w/2x5ebE96ts6jZYF4E4Aj4wkroSijEKmmuytEu7aut+oSIxyF4BzKytLI5sprB1aPR/M7wLwnGjCij0HwOe2JAP3mg4oaSQBGFO32X4kiF4MwgvgF8+QMso764PxNjC/pby8uOu2806j9VsAxp7ynEdWOQ9VSPaEku478Lp902HE3ZsrK0u/s9sfrh1azYHx6wC/AelfVpyWB+C6YTLw/mq9drfpgJJAEoARus32+SD6MRB+AP4ZfRn0x/cNaH51eXnx6p3+sNNoPRx+3XMpR70TImQOLgSy+c8kfzPgOiDvM7txAZxTWVn6zk5/uHZo9blgfgeAxWjDSjQN4Msg+jCA91XrtW+YDiiuJAHYpttsXwyilwwH/cebjifxGB8F84+XlxdP2bjTabT+BcALDUQVe6qQhVUOdvOfKbIZcKR/raws/dD2L64dWt0Pxt8DHFplwDlyPUAfAeF91XrtNtPBxIkkAAC6zfZlw+n9HwBwoel4Uug2aH5eeXnxjq1flM2Au5ulEl/cyGbAkU7Z/Ld2aPU8MB8CcLGhmNLsFoA+DML7q/XaV00HY9rcJgDdZnt5OOg/H8D5puOZAw9A8wvKy4vXbP1ip9G6FZJ0nYQyFjLVkukwAuWubYDdkXvc5tFtlZWli7Z+Ye3Q6tPA/GFIw6wofB2gjw6TgZkrMCbRXCUA3Wb7e0D0IhCuAvAo0/HMoQGYf6Z8xeJ7Nr/QabReC+DtBmOKHatcgCqk62CJbAbc0esqK0v/7+Z/rB1afSmY/xpAOtZ+kuWbAH0MhA9U67XPmQ4mKqlOALY023kRCHUADzMdkwCD8YflK87/VQDoNFoHANwN2d3sS8nmv+1kM+ApegAeUVlZOgoAa1ev/i+Afx0IpBCjmM13hsnAB5HyZkWpSwC6zXYGwHNA9CMgPBfxb7Yzn/y+Ai8pLy8OOo3W3wJ4uemQ4iBNm/+289b70D3ZDDj0d5WVpVesHVrNg/FPw/r9In7uB+jQsFnRJ6v1WqrWsVKRAHSb7Zy/lk8/PGy2UzUdkxjLl6D5Km99UAJwM2QWIFWb/7ZjT8M9um46jDjoAbiEe4N1MH8cfl0REX9HtzUrGq+9ZowlNgHoNtulbc129pmOSUzlBmh+qrc+eB2At5oOxqQ0bv7bzu1snOhBMMd+g3uDt4H58/Dri4jkObatWVHPdEDTSFQC0G22921rtpPud8t5wTjkbQxeCM03YI5PBKRx8992euDAOz7XmwFvA/Ol3Bt8AMD3mw5GBGIDJzcrOm46oHHFPgEYNtv5kS3NdvKmYxIhYLzD6/Y/CuBTpkMxIqWb/7aTzYB4Nm8M6gC/znQgIhR9PNSs6F/i3qwolglAt9k+a0uHPWm2My+Yf9HrDp4K4MWmQ4maKmZhLaRz89923voAupf45dNp/DP3BteA+c9NByIi4QC4ZkuzovtMB7RdbBKAbrOdBeHlIPoJ+Jti0rkTSozisqtfpnv2nwPYbzqYKGUOLICs+Wg1MaebAY/xwP4ZePqfIP0v5pEH4Asgeg+A91TrtVgchzGeAHSb7QqIXgvCqyDn9AXQ0T37L9jVbzIdSFQoayFTma/tLHO3GdDTv88D+2chJ5QE8B0QvQvAO6v1WsdkIMYSgG6znQHR74LwcwDKRoIQcfUtrzs4BubHmQ4kCta+AlR+vla55mozIPON3BvsB/Bo06GIWDkO0DtA+C1T9QWMzDl2m+1HQtHnQHgjZPAXpzrHWsgr+K1S040IlJu/GWHKZwCV7g2PQy73bQUZ/MWp9gH8a2D+r7VDq48wEUDkCUC32X4eFK0CWI763iJBCEuqmEt9gw5VyKZ+5/9OCJT6I48AwAOnCeZLTMchYu2pYF5dO7T6fVHfONIEoHu4/RNQ9HFIeV4xBsqoZcpYqW7ZOQ+D4G5Sv+zh6a/C855iOgyRCGeA+dDaodWXRnnTyPYAdJvtp0HRpyCdrsRkHvC6AwXmg6YDCdo8bv7bzj3WA9spXOlhPsK9gQdp6ysm0wPRs6r12heiuFkkMwDdZvvRUPQhyOAvJne6Vcr9t+kgwjDPn/43pfUx4L79LcjgLyZXBPOH1w6tRtKuPvQEoNtsZ6HoagBnhn0vkVKKLlX5bCQZcWQU+Rvh5hzl0rcZkG33WjBfZjoOkVhngfnqtUOroWfH4c8AEH4ewFwc5xLhoZz1RLLU10zHERSVz4Kk9TsIKZsF0PprcN0nmg5DJN4TALwq7JuEmgB0m+0CiH4lzHuIuZFTxVwRhA3TgQQhVYPejFL0WGxw385D+pWIIDD/6tqh1VCXzcOdASB6PaS6nwgK4ZGqmLvJdBizoqw1N2V/x0FKpaIWAvftrwI4x3QcIjUeDuA1Yd4gtFMAw7X/7wA4LZQbiLml+86X2PGeZDqOac1j5b+9JL4yoOt9kW3nyabDEKnzAIjODqt3QJgfQ54BGfxFCFQhe9EwuUweQio+7QaNchkkdksE87fZdi4yHYZIpdMBfHdYFw8vASCqh3ZtMe/KVil/HH6HrUShbGYuK//thYigkpkYedy3jwHYZzoQkVKM54Z16RATAKyEdm0hCBeoYu6w6TAmlaINb4GjBC6L8MC5Dszy6V+EiJ8d1pVDSQC6zfZZAKT+tQjVsFTwjabjGBv5GwDFzihrJWsZwNM3SqlfEYHHrx1aDaWOTlgzAOeHeG0hNilVzD4MREdNBzIOylgy/T8CEYEyCUmQmI/ywD4L8j4nwqcAnBfWhcNwIKTrCrHdGVYp9y3TQYwjMYObQUl5jLhv3wmpbiqiUw3jouEkAIRKKNcVYieKLlX5TOxLBcv0/96S8BgNS/3WTMch5kooY2pYMwChZCtC7IZymSeSpdqm4xglCYObabF/jLRuS6lfYUCCZgAAHdJ1hdhNThVzWQA904HshJSS9f8xEBFIxXZZvcd9x4KU+hXRC2VMDeeVxkjOzmyRHoRzVCkXz+deyjrehSqmjxX37RsAPtd0HGIuhVICPaxU+6uQWQBhAFnqCspaXzIdxyliOqjFUhwfK9f7IrS+0nQYYi5pIJwP1aEkAOXlxS6Ab4dxbSH2ogrZC+NWKlim/8cXu8fKL/V7oekwxNy6q1qvrYdx4fAW2xi3hnZtIUbbZ5XyxxCnUsFx/FQbV/F6rDzu2x0A+00HIubWLWFdOMTdNvyB8K4txB4IF6pitmk6jBPiNajFW4weq2Gp34tNxyHmGFFoY2mYMwD/CCARFdpEOlHGupIyKpTNM5OK3bR2jMXmsfL0TfA8WfcXJh0B8H/CunhoCUB5eXEAxvvCur4QY1CqmDsLRGumA4nTp9rYi8NjxbzGA/sMADEvTCDSjf5PtV4bhHX1cA/cMv8ZAA71HkKMdoZVyt1pOgiKw6CWEHF4rLhv3wHgLNNxiLnGILwzzBuEmgCUlxdvBeP/hnkPIfak6DLjpYLjMq2dBIYfK3bca8F8udEghAAOVeu128O8Qfglt5h/GYAb+n2EGIFymcvjXipYxIDWbTiuDP7CNBdEbwz7JqEnAOXlxRYY/xT2fYTYQ35YKrhv4uaspS7WuAw+Vv1hqd+CqQCE8NE/VOu10I7/bYqm6DbzrwEIpZCBEGPzSwXfYOTenmyFGZuhx4r79qqU+hUx0AXhN6K4USQJQHl58R4w/iyKewkxCllq2USpYJkBGJ+Rx8r1vgStnxL9jYXYjt5erdfujeJO0bXdYv5dAJH8pYQYRRWyF0DRPZHeVMsMwNiifqyYv8O289hobyrEju4B4Q+iullkCUB5eXEdzG+N6n5CjLDfKuXXEGHDKpYEYGwRP1aa+/ZRAJUobyrEjoh+p1qvbUR1u2gbbzP+HECoxxqEGAvhIlXIXhfZ/TxZAhhbhI8VD5wvgHkpshsKsbtbAbw7yhtGmgCUlxc1mN8U5T2F2A1lrSspo26O4l4yAzC+yB4rT98spX5FbBC9qVqvRfpJIdoZAADlKxY/DODaqO8rxA6UKubOBFEn9Dsxg1mSgL0wMxDF48Tc4YF9OqTUr4iHa6r12kejvmnkCQAAQPPrISWCRTycoUq5b0RyJ1kG2FtEjxH37Tak1K+IBwbRL5u4sZEEoLy8eB0YHzFxbyG2I79UcOj7AdiVBGAvUTxG7LhfkFK/Ij7oX6v12mETdzYzAwAAzG8AYBu7vxBbUC5TI0vdEeY9tCMVsfcS+mOk9R1w3Fq4NxFibAMQfsXUzY0lAOXlxTYY7zV1fyG2yatizkKIpYLZ9mTdawSG/xiFqM99R0FK/YrYoPdU67VQP3iMYm4GAACY/wQRnsUWYiTCo0MtFcwMuKEOcMnmeqFuAJRSvyJmNAhvMxmA0QSgvLx4Cxj/aTIGIbYalgr+cljX17YsA+wm1MdGSv2K+GlU67XbTAZgdgbA92nTAQixlSpkHwNFoZSt5oEkALsJ7bFhvodt5zHhXFyIKRF9ynQI5hMA5i+aDkGIbSpWKXcEISxPsaehHVkG2E47HjicI4Ca+/aDAKphXFyIGYQ20zgu8wkAcKPpAIQ4BdHFYZUK5r4TxmUTLazHZFjq95JQLi7EbG4yHUAcEgDZBChiibLWchilgrXtSFXALZgZ2g4hAZBSvyLejI99cUgApBSniCtLFXNnBF4qmAEeyCzAJh44wdcFlVK/Iv6MPzfjkACcYzoAIUY4U5VygZ/T1T1JADaF8Vhw3/46pNSviLdHmQ7AfAJA9F2mQxBiFFJUC7pUMHtajgTCP/oX9Oa/YanfJwZ6USGC9zTTAZhPAICnmw5AiL1QLnMZKRVo0yDdk0rYgT8Gmr8Bx70s2IsKEQJm42Of0QSg22w/HITnmIxBiDEVVClHAAZBXZAdDzzHlQHZ9cDBHokccN8GgGKQFxUiJM9bO7T6MJMBmJ0BIPolALmwb6O1huM66A8G6NsD2I4Nx3WhZSe2mAThXFXKXR/kJed5L0DQf3fuEwNZfgAAIABJREFU218B+LxALypSjZnhuC5sx0Hf9scHx3WgdSQb9PNgvCaKG+2GTB1H6jbbj4Gi6wEshHUPZsbAtuF5u3/KUErBsixkLAtKxWFFRMSd7jtfZscLbI05c3ABNGfPPdYa7pH14C7oel9i23lScBcUaaVZw/M8uJ4HzbsP9JaykM/mQERhhtMF0WXVeq0d5k12YyQB6DbbCoq+AOCKsO6htUbfHoD1+H8/UoSMlZFkQOyl43UHfTAHsstclXKwSvkgLpUY3sYAeiOg9X/me7k3yEOq/YldaK3hag/eHoP+dkQKhVwOikIdD64D0dOq9VrkdQEiTwC6zTaB6B9A+PEw79Pr92eaxvGTAQsZKyPJwDgIAJGfLROd/N9q23/T8Ae2J9bM/hl5ZkAzwAx2Ndjzgj8nPivmW7zu4EIEsYxG5M8ChPtJIzaY2f/0H8x7j+be4JbYVfsjAmUt/x+lAEUgNXwtKDr5+czD/9H80HN/t//P7H+okeXLPWmt4XoeXO2BJxj0t1OkUMyH3UGa/h6EV1TrtUh/sZEmAN1mOwuiD4DwP8K8j+u6GNjB7S7eTAYsKwMr7cnAcIA+MZArAtHm17f9GRGgEMnA5ScC2t845upYvAGy412r+85Tg7iWVS5AFbJBXCr2dN+B1+0Hci22nc/D9Ywfp4IiUDYDlbVAuQwoY52a4AZpe6KsGdD65ARBb/v/m9+fYp4eTu9rN9Bqm/lsDhkrE9j1dkb/CsKLq/VaZBuDIksAus32ChS9C8BFYd9ro9+baOp/EkR0Ys+AZRkv5LQnstTwE/iWT9+0+d848Wcn/jsh2GOw5ycD7ITbR34ET2/Yt7Gnl2a9EFkKmQOhbYeJFffoejBn/z19Mw/si2CiopoiqFzGH+yzGVAmOR8M9kwQNPufmD1OxCkVT/vr+Z7ngUOaKiRSKIU+CwAAaIHo56v12mejuFnoCUC32b4ERG8B4QUINyc+Yb23Ec2UMeHEnoFYJQOKoApZ/40pQYP6tJgBtl3ogWPiE869XndQBPP+WS9k7S9C5cL+lGGWtl14x3qzX4hxjHv9DQCRHqMiS0GV8lDFXETvZoYxD2dsBv4MQ0xEMehvt1AoRXIfAAzQB0F4S7Vea4V5o9ASgG6z/TQQ/ToI34cIjxsyMzZ6AbzBTIpwYpkgYzIZUASrXPDXG+eQdjxw3wmrteyOWPOqXh/UZr0OZS1kKpG9yRjhdjYCOfvP/cGXoaOr9kdZyx/452SZZjvWDPfB40aXELzher7reTCxKaiUL0a9T0cD+ASIfq9ar30hjBsEngB0m+2roOhNMFTmULNGrxfM+uK0lFLI5bKwVPSJgFUuJGo6MizsauiBE3ShmV3pgdtk212e9TqZaslfP04hdj24axuzX8dxvwDHfUoAIe2JchlYC3lQymdmxsGOB/doN/Kx19MatmNPtHs/DMV8EcrclOo1IPr9ar32b0FeNJAEwN/Zjx8D0RsBPH72sGYT5h6ASWSzWeSy0X1iUMUcVF7eqLZiT0MPXHD4dfd7en1wL2s+d5aLqEIWVjmStcbIed0+dH/G/U2a7+T+4CyEXO1PFXJQC7nUJmPT0hsDeMej+4Bluw4c13yxLCJCKR+LApPXg+iPALwviBMDMyUA3WY7B8JPDyv6xaYC18C24brxaLSSz+cjWxKw9hVB1nxO/e+FPQ29YYe7NMD4htftnw1g+kP9BGQOlFO3hMOag/j0OOCNwd0Anx9QWKegjAWrUpSBfxfsan8pIAKu52HgBFZ5eyYZK4N8NvSitZNog+h/A/jbar029ZG3qRKAbrO9D0SvBeHnEPEmnHFordEb9ONxdpyAUiGataNMNd3rx0HQfWf2T6EjsKev0xv2lbNcI42FgYIo/MN9+1poHcixy1MQoBYKsBbS9biHwbmvE/p7KzNjY9BHXN7Ei/l82MWApvUdEL0DwDur9drEmdlECUC32T4Iol8D4ZUAKpPeLEqu52EwiEf2mM/lkMmEOzVPloK1L51Tx0Fjj6E3BqHNBui+8xV2vMunvoAiZA6kpzAQM8M9uj7bBjLX+zLbTiib/vxP/SXZOzMm98Fu6McDXc/FwIlHt8x8NrpZ3BmsAfRuEP6wWq8dHfeHxn7Gdw+3fwaKbgfh9Yj54A/4O/LzuXgc1XF1+BvRTPV0SCKyCNa+Qmgbu1Qhez6I7p36AprBg3gsYQWBB+5sgz/zvWw7i8FF9BBVyCJzsCyD/wSi2F/lRXiKZzcEGhYAiv3gDwBVgH8FzLevHVp95bg/tOcMQLfZvhSK3g1g5h3OJvjdnhw4rmtsNokUoVQIfwOJta/gF/4RY9MDN/ie9ADA3PK6g4sw5RHYNBUGmrHwj+beoAXmxwUZE+C/XlTKllrCxq4H98Fu6PfpDfoGd/0TslYG2UwmybNw14LoVdV67cZR3zTyzal7uP2LUPRFJHTwB/zdm7lsDgvFkr8hL+wSnTuI6uhImGvbaaXyGVjlPAKvmES0pArZ66b9cfY0dPgnF0KnbXempRa2nWsDH/yHSywy+E9Od6NZVo1+4KXhRr88FgpF5LLZJA/+APBUMH957dDqz436pl1nALqH268F0dsQi0n04G22g3S98GcGMpmMvxwRAWshD8omYsoqVthjeOv9oAudeHrDvp09ffE0P0y5DDL7Y3H0aGrusd70RzA93eKBfSECLPVLloJVXZAp/ynogQtvLcAWziMMHNt/bw4RYUtZdwM1WyLCIHpNtV57x05/uOOroHv4jtenefAHAGu4R2ChWEIhn0cmxOkeK8JpeW/DjkUNhKQha1hBMdjflaVKuQMgTHVuimf89Gwae3r6wZ9xnAf2AQQ5+GcsWAdl8J8GexresdmLOI0rrKZrNPykX8jlUSoUkc/m0jz4AwCB+U/XDq2+dqc/POVR7h5uvwqEP0aKB//tNpOBUrGIQqGAbDYT2Dlsv5NghMV5mKHX43H6IWlIEVTwlRQfpkr5r037w6HsT4jILLHzwL4NwMODioVyGb/lctq7eYaBAW9tI9IywBkrAwro2B0RIWtlUcgV5mXQ347A/La1Q6s/dcofbF0C6Dbb50DRTQD2RRldXPn9pF24njfdp2oCCrm8kUZBlMvAKsWqcEWieOuDQMsIT10qOKGFgWYp/BN0qV+Vz8KqlOboI02wvGM9I4mopz30bRvTPImIFDLKn95XkvRtOgaiS6r12l2bXzj5kSH6K8jgf4JSCrlsDqVCEcVCAdlsdvw3YoODPzDsjpeCTWSmWAv5QMsqq3zmCaTomxP/IAO6n7xZAN23p9tbo/mbcNzLgopDlXKwqjL4T0v3bGOzUJayUMjlMO4vT5FCNpNFMVdAKV9ALpuVwf9k+8H87q1fOPHodA+3Xzrs3Cd24CcDWT8ZKPrJwI5PLvI3/ZUKReMtgkMvfZtyqpgLsvtbUZXyHoCJ301130lUnQcetpCdgs1920VAdf6tcgHWvmRvojSJHQ/ecQOdVbewlIVSvjBcRj01EVCkkMtkUcwXUMwXkMvIoL+H560dWn3x5n8QM/vNfBTdBeBsg4ElEjNDM4OZoYhi9+SjjEptc5moaNuduYztJnb1dbo3ealgq1xITCtav3/85A1jeGBfCy+YUr/W/iJUUZbAZuEe6UbWTXNcWmtoZhARFFHSj+qZcheIzqnWa+yPVoSrIIP/VIgIllKxXWtiV8sswIzUsCVsENPIlFHLlLVWJ/25JC0DTBWr630Fnp593Z8IVnVBBv8ZsePFbvAH/JlY/9ieksF/eo8E8FzgxBIAvdxgMCJkOkVlZU2hrOXPpMz+pkOqkD0PRPdN8kPsamgn/r9H7bhgd8KEk/k+tp3zMGuKtVngR1pizyzJp0/EGBgvBwA6ft3XK1B0DwCZJ04pylrS5SwgrNmf3p71SBTzzV53sIQJBr0kFAaaovAPc29wE5gfP8t9yVKwDixIKeyAuGsb4IFUFk2xHojOViD8MGTwTzeZKgsMqYAKBhFdMmmp4LgXBpqm8M+w1O9sg3/GgnWwLIN/gJJ27FRMrAjgBxVAS6YjEeGSF3OwHioYNNspD8paTyZL3TrJz8R5anbi2Dx9C1xvpj4jDxX4ked4oCSZSj/GJQpAKG02RUwQgfLJ2D2eJESAVc7P2lI4o0q5Cghjt1fTAyeWpZ5ZM/QkU8aMLg/sCoCpH0BVyCJTXZAZrhBYxRwgSVXK8WMVCOeZDkOERxWz8v4YIquUg5otwXq4KuVvG/u7OZ5dH3XfmajwDw/sWzDDySNVykt1vzANl7pEqj1GATjHdBQiBIqgSnmo2T6hijGoYnamY2ek6ImUyzTH/X7dt2NVGMgv/DPB9L/jXgetnzzt/ax9BVj7ZHAKmyrmYFVK0j8hvc5TCL0ZrogSWQqqkIW1rwiVm6uGF0apfGam/vIqn3kCxi0VrHn6LnshYNsd/1SE5m+y41467b2sSmmmx1lMRhWyyJxe9je+zrjnRcSOzgA4BqBqOhIxJSJQRoGyFihjyWYog1TOAqkCvPUBMPkn9KJVyntet28D2HM6QffsWZceAjPB5j+b+7aDaUr9EiFTLc2650JMgwhqIQ+1kAdrDR644MGw10iMZqLExNY2EwCRJET+YJPNSG/zmPFLL+fhdadIAgjnq2JurFLBm4WBVNbsgDhJ4R8e2F8CePJSv8MCP/IJ1DxSClTMAcUcLAbYcaEHDnTPkWQgedYUJAFIFMpnTtQ5l8E/nshSsPYVppqNGZYKvn6c79U985sBx47B9VanKfVLlkLmYFkG/ziiYdvxfUVkz9gn5ZeT56gCo206CjEeVcjCKuZkV38CkCKofVMVDCJVyJ4Lovv3+kbThYHGLvzDfD/bzrmYcM8+ZaXAT2IQ+R9M5ORAgtDXFcBXmw5DjEFRYrrBCR/RsGBQduJPr1VrIXcvxtiga7Iw0Jj3Zu7b9wA4MMm1KZ/xp/1lT0uiWKW8JGxJQbhagXE1gMl7d4pIxWXDl5gMEWAtTFEwiOhx45QK1gPHyJFA5vEK/0xT6lcVc1LgJ6kIckojGXoAPqHKy4sbYHzedDRiNOlwlmxWKTfxDM6wVPDoIkGGCgONVfhH61snLfWrFvKwYt7wSIymijlJ3uLvmmq91hvO1fCHzMYiRPqpwsQFgzKqlNu3V6lg3bPBEZbzYPDe0/+MLvftfZig1K+1ryjV59JAxv74I/oQAPgJAOOvAHzdZDxCzAOVz0BN1pr5bFXKj24YpBk8iK4wEA/2LvwzLPX7iLEuSJsFfmQXeWrIkcA4ux3A3wDDBKC8vOiC+Q1GQxIjxan0q5iNylr+J90xp0lJ0ZP2KhUc5ZHAPe81SalfImSqC7LBNUXi2KxKbEH0hmq95gGbMwAAylcsfgSMzxoLSozEjmc6BBGgzYJB43ZcU/nM46Hov3f7c3Y96AieI9rxwO6I+2j+b3bcJ4x1MaX8Vr5S3S9VeJKukCJqn67Wax/b/I+Tz2swvxaA/PZiSPfN7PYW4SFL+TXWxzs2VbJKeRsjXp9RHAnc4x4O9+0+gNJe16HMcPCXAj+pwpqh1wemwxA7c0D0uq1fOOmdp7y8eAMY/yvamMRYNEN3B7K0ljKkhrUCxqnqSFhUxdyXd/vjsAsD7VX4hwf2FwF+7F7XoawF64AU+EkdZnhr60aLU4kRiN5crddu3PqlU1+BzG8F4z8jC0qMjT0N3e3LGlvKEAFqYbyCQZRRy5TZvVTwRG15JzTy2t54pX4pn0XmQFkK/KQMexrukXVZqoyvzwD4g+1fpJ2mlbvN9sOh6KsATo8gMDEpIr+4jPQCSB1vwx6nvO5RrzvwwHzq65PIn1oP+Bw2M8M9sr7z7m7mB7g3UAAOjrqGKubkjH8KsePBXVsfvyW0iNr9IHpCtV67Z/sf7DiClJcXvwPmV2KMUqTCAGZ43T60Ldl22oxZMOiAVcp9Bzu9PplDKQzkF/7Z8e2AuW9/G3sN/gsFGfxTSPcduEe7MvjHF4PoFTsN/sAuCQAAlK9Y/CgYfxleXGJWemNgpAqcCJcqZPc+E6/o8buVCuaACwMxGLzL5r9hqd+Ru/6t/UX/xINIFa/bh9fZkI+JsUbvrNZrH9/tT0fPIfunAm4c+T3CKN134K3L5sC0UbkMrIX8yKpqlLWeRJa6ffvXOeDCQDxwd953ovVtcL0rdg+QYFVL0iY2bRjwOhuy2z/+bgDhl0d9w8gEoLy8aEPziwCsBxqWCBQ7nmwOTCHKWrAWRhYMyqpSbgF06uszyMJAO16Lsc59ewHAzusVipA5sCBNrFKGNcM92pWZx/hbB9GLqvXayF3Be+4iKy8v3gLm1wcXlwgDexpety9HcFLGLxhUGFUw6BGqmL9l+xeDKgy0W+EfHtg3A3jkTj9DlvJ3+k/eBlnEGLsevAe7stM/CYheW63XRjcSwxgJAACUr1h8NxjSMCju9HBzoLxAU4UsGlkwiCx6EuUyh7d/PYjCQDtew3Gb0HrHqX/KWLAOLsgJlZTRA8c/5qflA0b80Qer9drfjPOd479KmX8SwLemDUlEhAG9LpsD0+ahgkE7f6pW+cwlUHTX1q/NWhhox8I/mu9ix33cjjHmMv4RRCWDf5ro9QG8tQ1p8JMM3wThleN+89iv1PLy4jFo/jEA0bUdE1PTfQfeRvilYUV0iACrnN9tan3BKuX72FYqeJZEcIefdbhvbwBY2P4HqpBFprogfeDThAGv04PX7ZuORIzHBdFLqvXasXF/YKJUvby8+Dkwfm/yuIQJbLv+vgDJ3FPFWshD5XdooEN4zPZSwdP2kOAd6gnwwPkiwBds/15VysGqlKQPfIr4m/3WQ60sKYJGv1Ot166d5Ccmn6tj/m0A10z8c8IIdjW8432wJ0lAmqjizgWDhqWCbzjxBWbwFLMAvL3wj+ddD887pdSvVS7A2icFftKEXQ3vSBfsyGRvgvwnCG+d9Id2LAW8l26z/QgougHAaRP/sDCDCFYpJzuzU0bbLvSpSz1HvO6AwXwaAJBS/sa8Ma/JALytG76YH+TeANj2erf2F+WMf8rogTss7iMfGBLkARBdWq3Xvj3pD061W6e8vHg3mH8KUgMqOZjhrQ+gAywQI8zbpWDQQauU+zaGr0/WeqIe7Txwtu72Zu7bd2Hr4E8Eq7ogg3/K6A0b3tou/R5EXDGIXjnN4A9MmQAAQPmKxQ+D8dfT/rwwQ/dseBH0jRfRoazl1wrYugFP0eNV/qFSwZMUBtr6vcNSv5duue6wwM8OexBEYnnHevCO90yHISZGf1Gt1z467U/Pdl6H+dUAbp7pGiJyPHDhdaV8cJqQpWDtO7lgEOUeKhXM7s4FfbY76fu2lfolSyFzUAr8pAoPN/vJh4IkuhGEX5rlAjMlAOXlxcGwVPDGLNcR0WPXgz4u5YPThBTB2ndSwaCTSgWP8ya/5XtOKvXrF/gp71qMSCQPexruke447adF/GyA6Eer9dpMDRlmfjWXlxdvBvMbZ72OiB7r4QkBV6p7pQXRKQWDHqGK+Rbgb/AaVcmNtT6xR4T7D5X6fajAj5zzSwu2XX/wl9d+MhG9vlqvtWa+TFBnxLuH7/goCN8fyMVE5FQpB5WTdd008TbsE5/u9MA9zLZ7hSrm/E2DO33/+sCfAXC8JjvOMuAX+LH2yxn/NNE9G94xWe9PsA9Xr7r8BUFcKLj5POaXAbhrr28T8aQ37EA7yAnzrFLuRDe+zVLBuxUGOlH4h/kudpzHAYAq5aXAT8p4x/sy+Cfbt0D08qAuFlgCUF5ePArNL4WUCk4sPXDgrcvmwDRRxezmcb0Fq5TvgdndqTDQsPCPy317HcCCta/gbyoU6cAMd20demOmJWNhlguiH6vWa2tBXTDQHT3l5cX/BOMPg7ymiBY7HnRXNgemicpnoEp5gPBYVcx9Ufedkwp4MIYlgwdOE+ALrUrJ/36RCv5mv3Ww1ABJOPrdar32uSCvGPyWXubfBDBRPWIRL+zJ5sC0UTm/VgBlrWUQfXXrzm+2XbDt3ACtn5KpLuxYYlgkEzvecLOftAhPuGtAeEvQFw1sE+BW3Wb7HCi6HsCBwC8uIiWbA9OFPQ1vfXBE9xxk9hcPAoC7tn5Ed/ucOVA6bbd2wyJ5dM/2i/vIZF7SHRmW+g18j10oh3rLy4vfAvPPhHFtES29Yfu7yeVNJBXIUrDKhYNWIfvtzaI/3LPvzhxckME/LXhY2e+YDP6pQPRTYQz+QEgzAJu6h+/4GxBeEdoNRGTIUlALeTkLnhLMDN0dXO91e6zy2Zr8XtOBPQ1vbUOm/FOD3l29qvaqsK4eblkv5p8HcGuo9xCR2NwXoKVqWOIw+/3d2dXQtgc9cFmv9e7UPTujclnoDbut1wes+46/H8DT0hAmgXTPhvugrPenSAuE14R5g1BnAACg22w/AYquAyBNw1OCMgqqmJOysDHAmgHN/tn+7f+f2f9z/zWuue98TW8MjkNh0SoXD0BroJADKQVvffAA9+3b2XEr8PRFACwQgSwClAIpBVjk/1uR/7tXw/+WyQOj2PXgHeuBHRn4U6QHoiuq9dpNYd4k9AQAALqH268G0Z+GfiMRKZXPggrZk5rQiWDsNKCfGMz1SQP7KC737dv1ht1jx10kS1XVvsKJ4kB6fQAU8rBKfltfbbvQ6wOwpx+E1rez45XheRcDGL0LdDMR2EwQLOUvFSm1JYGQJ0ngmOF1B3K2P42IfqFar70r9NtEkQAAQPfwHR8H4apIbiaiQwSVz4ByGXmTHwMztn061ycN6Juf6Gdgc8++TW8MHHa9xwLYByJYC/nNWgAnuGsboGIemf0PTc5tVgTUG/ZmgtGB5lvYdfNwvSUAUxcIOGnWYDNJ2J4sSDa5J/Y0dM/2yzZLvY40+lj1qst/IIobRZcANNsHoehGAGdHckMROcpa/qxAZj6XBkZOx2sGsw5nV7ZGT/fs27k3YPa8C7FluU0Vc35zoB2SM+f+Y6BSAdmD5R3+Lhp63YYenFQ1cB2ab2LXzQyTgeCX9U5adthMEGTZAfDrNeiNU34nIl3uAtETqvXa0ShuFlkCAADdZvuZUPQfAOS8UYqRpfwZgVwmFR/oApqOD5bmDd0b3K57NsHTFwI4qW4vZS1Y+4qg7M4vNfY03AeOg0qFYae/nZM2dj143cFOG8t6YL6JHQ/w3CUwFgL4W41v+7LDiQQhZcsOzNA9B7o3kMJc6eeB6FnVeu0/o7phpAkAAHQP3/H7ILwp0psKM4igcpafCMRww+DJ0/H65Kn5rZ/e40LrY3rD/rru2VlofRGAU0v2KQVrX2HPan6678DrbIBKfs3/zX0Bu37/sE/ELo+HDeYb2fVcuN5FYK6M/5cK18nLDpvJwpYkIabLDux6w2l+R05kzA16a/Wq2m9GesfIE4BmW0HRtQCWI72xMIv8T2iUGa7/WuF+Qhs9Ha/9/5+E91Wtj3rr9h3ct4vQ+kLsNntGw+59C/mxBjTveB96YwAqFTCqRfBWzOxPQfftUY+dC+ab4Oo+u+4FYD6454VNIzp5P8JJ+xLCX3ZgT4OdYVGm4b9jlXiKKFwLoqdX67VIp3kiTwAAoNtsPxqKbgAQm08KwoDtScHmmyzRjmPYiUF729S78en4oHn6AW998E0eOAvQ+gLsUa9D5bNQ+woTzbK4R9bBjgsqFUBZC5lKaeyfHZYTBu9dE0KD+WZ4usuO+xgwnzH2TeJI7XAMcnPZQRGgaPjcpVOTBeYTM04nKjDKYC98a8N1//+O+sZGEgAA6B5u/yiI/tnIzUUybGYBSR/Qx+Hqe7yN/l3cdypgfgzG+LxJGQvWvgJoil4Nzn3HAGZQqQAQkDmtDJrwI652XOjuwC8ctDcG4xZ43ho77nlgfvjEQSfJMJE9kbAKsRuiH6nWax80cmtTCQAAdA/f8fcgvMxYAEIYxK73bb0+uJsHzulgPm/sH1QEa6EANTy/P8V94T7YBQA/AQCQqZYwTS8ABsA9v1/EhAPd7XC9+9l1z4HmR018YyFSgf62elXtlabubrbNG/PPguipAC4wGocQEWHH/ZZet+/lgXMmwI/GhMdiVSkHtbDzsb7xYzi1Yhy7eqoEgABQMQcqZKHXB9D9sY+oXYCMdcHwnm14+h523LOh9fiJkBDJdisIv2AyAKMzAADQbbYvg6IvYNsxJiHSgm33Dr0xeJAHztkAHjHNNSiX8af7A+jY5x3r+UVk8NAMgCpkYZVnfwmy6/n7A6YvS/tNePoudtwzofVjZw5IiHjqgejKar32VZNBGE8AAKB7uP06EL3NdBxCBITZdr+uu/0OO+6jAJw17YXIUlBjHNObhPvg8RNnyjcTALIUMgeCO8q/pazwLJe5G1rfyY57Ojx9Aeay/I9IJaLXVOu1PzMeRhwSAADoHr7jEyA813QcQkzpRLMddtxzAZw+09V2Kd87M2Z/A+DmbUoPferPnFb2d7AHdqvNIjYT7w/Yyb3Qun1SsyIhkunq6lWXP990EIDpPQBbMf9PEN0IIN27g0WanNRsB8CFQVxUFYbH+napzjeLUVPz7HqgbHBvCUQEq5SDKmR2Kis8qbOg1FmUzwHAZM2KhIiPb4PoJ0wHsSk2MwAA0G22nw1F/449zj0LYZDNPft2vTGw2fUeA2B/UBfeq3xvEPT6AF63/9A9t8wAqNJDnQHDwM5wf0Cw/erXoPlWdt3CsD9BeH8BIWbjgeh7q/Vaw3Qgm2KVAABA9/AdfwTCG0zHIcQJjL7esG8bNtu5AMD4VXPGoQhW2a/IFzZ3bQO85ZP41gSAcpmTOgOGRfcdeBu7lhWeRReabw61WZEQU6Pfr15V+zXTUWwVvwTALxV8HYAnm45FzDG/2c7XdM/GTs12AjFh+d4gOPcfO2ng3ZoAQNGOnQHDcKKs8PA0Qgg2mxURPPfiyJsVCXGyJoieGnWp373ELgEAgG6J60m8AAAgAElEQVSzfR4UrUJKBYsojdNsJyCUz/rH+iJskrTZAfCkOEon5zWjOgOGFdOYZYVnEdtmRWIurIGoVq3X7jQdyHaxTAAAoHu4/WMgeq/pOETKPdRspzAc9EPdXU4Z5a/zT1G+d1abHQBPimdbAjBOZ8AwBHRscBzJa1Ykko3oxdV67X2mw9hJbBMAAOgevuMfQfifpuMQKaP1A153cCcPnPI4zXYCQcN1/hA32e1lswPgVtsTgHE7A4aBweCeM01Z4Wmlq1mRiCH6h+pVtZ80HcVu4n18hvlVILoSgFQEE7M5tdnObOf0J6CKOajybOV7gzBOdb6Ad+hPhEB+WeF8FnpjorLC01IgejwyFihjMRituWlWJKJwGwg/ZzqIUWI9AwAA3Wb7cii6FoCZjyUisbY02zkNzOdHff8gy/cGYbMD4FbbZwCm7QwYhgDKCs/iNrjeA9KsSEypD6KnVOu1600HMkrsEwAA6B5uvxpEf2o6DhF/OzTbiRxZCqpcgCpEv5a+m60dALc6JQHA9J0Bw6IHDvS6DdbGNlBvNit6BLQ+11QQIkGIfqFar73LdBh7SUQCAADdw3e8K+7TKcKMIJrtBIIIaiEPK+jyvQHQPRvesd4pX98pAbBilrwAm2WFh8cGzb5lSbMisQf6s+pVtdeYjmIc8d4DsBXzLwB0LgjPMx2KMM5vtrPe77DtPgrA+cN/jFGFrL/OH+GxvklMMo3u7wOIVwLglxXOQ222HR6EemxwlEfDUo8mKwcAd8PTd7IrzYrECR8H4bWmgxhXYmYAAKDbbJeg6PMALjMdi4ic5oHzNb0eULOdgFDGgrU/3PK9QdjaAXCrnWYAgu4MGAbteNDr/R3/ToZIsyLxFRB9V7VeO3WqLaYSlQAAQLfZfjgUHQbwSNOxiNBtb7ZTNR3QCRGW753Ztg6AW+2UAADBdwYMAwPg8MoKz0KaFc2fb4FouVqv3WM6kEkkLgEAgG6zfSkU/RcCbMQiYiO0ZjtBUaU8rHJ05XtnxbYL9+j6jn+2WwJgVYpQAXYGDFMEZYVnIc2K0q8DoqdX67UbTQcyqUQmAADQbbafB0UfQdwWK8Xkwm62ExDKZ/wqfjFd59/N9g6AW+2WAITdGTAMEZUVnoU0K0ofB0TPr9Zr/246kGkkNgEAgO7h9s+BKPZHLcQOomi2ExDKKKhyESqfjE/E223vALjVbglAVJ0BwxBhWeFZSLOiNCB6VbVee7fpMKaV6AQAALqH2z8PordDZgLiz2+209Z9OzMc9OP9EZMIVjkPVYzfsb5JbO8AuNVuCUCUnQHDYKCs8CwGYL6JXc+D610ozYoSwQHRq6v12l+aDmQWiU8AAKDbbD8Hit4H6R4YP1qveet2O6pmO0GJS/neWe3UAXCrXRMARN8ZMAysOaqywkHZ2qzoQjAfMB2QOMUaiF5Urdc+aTqQWaUiAQCAbrN9CRQdAmCk+pvYwkSznYBQNgNrf3zK985qpw6AW41KAEx1BgyD4bLC09JgvgmeXpdmRbFxJ4jq1XqtZTqQIKQmAQCAbrN9BhRdDeAK07HMnVOb7STqo3Mcy/cGYacOgFuNSgBMdgYMi19WeACO17HBcTAYt0izIqOuG274e8B0IEFJVQIAAN1mOw+i94LwQ6ZjSTvTzXYCQQRVysFaKCQsZRmPe2Qd7Oy+K35UAkBZC5lKLA9kzCRGZYVnIc2KIkXvB+EnqvXa7tl0AqUuAdjUPXzH74HwJqTybd2cODTbCUrcy/cGYacOgFuNSgDi1BkwDKy16bLCQfk6PH2vNCsKBQP01upVtd8yHUgYUpsAAED3cPslwy6CsSgbm1Rsu9/QG4MHjDfbCQhlLL9Nby6Zx/rGtVsHwK1GJgCIX2fAMMSwrPAsNpsVnQWtH2M6mIS7b7jT//2mAwlLqhMAAOg22wdA9CcgvAwJ2oxm2PZmO2eZDigQSSrfG4DdOgButVcCEMfOgGGIcVnhWUizoul4AP0dCG+s1mtrpoMJU+oTgE3dZnsZiv4CQM10LDEVy2Y7QUla+d4geMd6e5bH3SsBUIUsrHJsazQFLuZlhWchzYrGszos7nPYdCBRmJsEAAC6zTaB8Isgegvi1FjGnPg22wkI5YblezPzN/mzWwfArfZKAJLQGTAMCSgrPAtpVnSqNRD9FoB3Vuu1uRkU5yoB2NRtts8A0dtBeDHmb1kg9s12AqEI1r7iXExf72hEB8Ct9koAgGR0BgyLHjjw1lO1LLDdvDcrYoD+GYTXVeu1+0wHE7W5TAA2dZvt7wHRm0H4HqQ5EXio2Y5mz7sQMW22ExRVyELtKya+it8sRnUA3GqcBCBJnQHDwJqh1/tpOC2wl3lqVsQAPgui36nWa581HYwpc50AbOo22xeA6DXDGYF0lN48udnOBUj3i9mnCNb+UmKb9gRpVAfArcZJAJLYGTAM2nb9xzS9swFbbYD55hQ2K1oD6L0gvKNar91uOhjTJAHYottsF0B4GYh+BsBlpuOZWNKa7QSIshasainxteuDMqoD4FbjJABJ7gwYNNYa3rE+2E1USeFZpaFZ0SqI/hLAP1brtb0z4zkhCcAuus32lSB6NQg/iBi3qk1qs50gqWIO1r6iHHLaYlQHwK3GSQCS3hkwaMwM3R1Aj5FgpVCSmhX1APrQ8NN+03QwcSQJwB66zfZBEJ4P0PeAcCWAC2F2v8BxML6i1/trumefD60vMRyPUda+IpRMT59krw6AW42VACAdnQGDpnu2v0Fwfmkwr7LrteG4pwN4EsxuKvYA3ArQtSD8F4BD1XrtqMF4Yk8SgAn5hYXwTICeAcJTADwB4U613wvGYQDXcM9ued3e08H8MqSlOM8MrP3FuSnqM4m9OgBuNW4CkKbOgEHSfWesvRZz4G4Af822cx08fQmYnw7gSgAPC/GeNoDrAfr8cMD/bNoL9wRNEoAZdZvtAoCng+gp8AflMwCcDsJpAE6Dv6lwt133HoAOgKMAjoJxBMARAA8CfBMYnyovL3597dDq94H55wE8F3JmF8CwQl3KOtUFZa8OgFuNmwCksTNgULwNe+zHew44AD4C4M8rK0ufXTu0ughgBYxLAJwO8EE89L54EH7tkd2WLTcAPAjgAf/f9ACA+0C4F0ATwOdlPX82kgBEoNtsL8DPhB8GIAvgXgD3AThSXl7c8Rewdmi1CuCVYP5p/P/t3XmwZGd53/Hve7r79h3NQLciCZSqUDaRHKLGxLQcS2ZxRBoIFC1whDBVKGUTysViKV6SihI7iNimDAleoEKxKJgiZi0hCGJRi0iQZnNAAol2UFWDjCUNVlwSEpK6Z+Yu3X3OefPHuaOZuWsv5/R7lt+n6lZpmdv96KrvOc953+d9HviZZcWaBd5ZVUpPSm9ZhmsHTQA83bQJQF4nA8YlWBvlsXvgovrA+4CP1lqNXZtSDDo9Q5QMnAc8BfCJro8P1dvN6ZaxZG5KAFJm0Ol5wG9j7R+Q1yY9C/AOrVBSRfq+DpoAeLppE4C8TwaMQ3Bik3CzkIWBBxkAvwd8oNZq5GLiUl6oqidFBp3eJVh7J9a+E938dzDVim7+B7B+MPXNf7YXBvIxLS8x3pH8T5icUx14P/DNYbefvePVOaYVgBQYdHpPxvIOsK+ngMf4pmFWypTrh3XU7wDTTAA83dQrABRnMuAirLUExzawk0L1CZhFALwb+M+1VmP/WdWSOK0AODbo9K7C2nvAvgnd/HdlyiXK9bN0859CkjeegjW/mYsxhtKTizl8akol4N8C3x92+690HUzRaQXAkUGndyHWXg+80HUsqWZMtPdc0gV1GtNMADzdLCsARZ0MOA8bhviPryezHZMvHeDf1FqNo64DKSJdVR0YdHq/jrV3o5v/gUqHq7r5T8vamW7+M798EKIHhukYz1ODqum0gf6w27/KdSBFpCvrkg1u7r0daz9ImtsLp4Qpe3hn6ez5tJax76xtgOl5hypKXqdzCPj4sNt/i+tAikZbAEsy6PRWsHwU7Ktdx5IV5bMPq6p6BtNOADzdLFsAoMmAswonPsFw+qJM4cPA62uths5TLoHS0yUYdHrnYO1XdPOfnrda0c1/RqFWAFLHq5Q1nno2rwVuHXb7aR4ylBtKABI26PR+BmvvAJ7rOpbMMAbvSTrvP6tpu/8t9B5KAGbmHa6C0RGWGfxzop4BT3cdSN4pAUjQoNO7DGtvBy5wHUuWlI6sYjxdMGdhg3Cq8b8LCy02VEOgWRjP07bJ7P4xcMew2/9F14HkmRKAhAw6vVdj7a1EAy9kSqZcUvX0HJbZeEZNbmZnDq2oN8DszgO+Muz2X+E6kLzSJzIBg07v+Vj7YUAl7DPSkJ/5LDUBUEvgmRnAO6zP9hxWgRuG3f4lrgPJIyUAMRt0ehdg7U3omN/MTKWkwr85LTcB0ArAPLxKCVNWs885HAI+P+z2f8p1IHmjBCBGg06vjrUd4FzXsWSRd0gLJvNa5k3Z+gEWHR+eh3dIsxTm9FTg5mG3ryFpMVICEJNBp1faevJ/hutYMskzGjQzp8QmAO75hmgy4JzMShlU4DqvnwU+Oez2tYwSEyUAcbH8OfAC12FklXdoRcN+5uSiKE91APMxxuBVlegu4KVE0wQlBkoAYjDo9H4X7Otcx5Fl3iFV/s/LTQKgOoB5aaVrYVcPu/3fdh1EHigBWNCg03sV1r7NdRxZZsqeeqYvYBkNgHa+pxKAeZmSPu8xeOew27/cdRBZp0/hAgad3vlbg330c1yA0ZLo/BKeALjn22oy4EJ02mVhHvCRYbd/nutAskw3rkVY3g3UXIeRddoTnZ/LJ3FtA8xPCUAszgb+1HUQWaYEYE6DTu9fgP0V13FknmcwFRX1zstpAjBRIeC8TKWk0wDx+LVht3+Z6yCySgnAHKLRvva9ruPIA09PQgtZxgTAvWgFYH6GqDGQxOL9w25fy4hzUAIwD8t1wIWuw8gDLYUuxkUB4BPvrQRgIaaiz35MLgL+vesgskgJwIwGnd6FYK91HUdeKAGY39ImAO5FkwEXoq2vWL1l2O3/tOsgskYJwKysvR71+Y+HZ3QcagFpOIqXhhiyypQ81QHE5xDwHtdBZI2uvjMYdHqvAV7oOo680P7/YtJw81VHwMWoDiBW7WG3f4XrILJECcCUBp2eh7XvcB1Hnmj5fzHpSADcx5BlqgOI3Z8Nu33d16akH9T0rgSe5jqIPNHFbzFpuPlqMuBiVAcQu6cDbddBZIUSgGlZe43rEHLFM5iyPn7zWvoEwD0DQZMBF6A6gERc7TqArNAVeAqDTu8i4J+5jiNPtP+/GDt2//R/UhpWIrJMdQCxe8mw29cx7SkoAZiG5TfRsNpYaf9/MXbs7vz/dmGKkpEs0lZY7AzwG66DyAIlAAcYdHpngb3KdRx5o4veYkKHDYC2s5NAVQALUB1AIl437PYPuQ4i7ZQAHOx1aOBPvLT/vxA7Cdw2ANrOWtA2wNxUB5CIs4HXuA4i7XQVPoi1b3IdQt5o/38xaVr+P0nbAItRHUAiVLh9ACUA+xh0epcBP+s6jrzR8v9iwtHEdQg7uJxJkAfaBkjExcNu/1LXQaSZEoD9WP616xDySAWA87NBmIoGQNvZSRDNJpC5KClOzGtdB5BmSgD2ZZ/vOoLc0f7/QsKNsesQ9pTGlYmsUB1AYl7gOoA005V4D4NO73w08jd22v9fjN1M703Wbk50GmABqgNIxEXDbv8810GklRKAvWnoTwK01Dk/O/ZTvcxuQ6tagAWoDiAxauK2ByUAe7Fc5jqEPNL+//yCtZHrEA4Urqd3iyLtlBwnRgnAHpQA7En7/7HT/v/cwpGfyuN/29lJQJiBONNIdQCJ0cPcHnQ13sWg0zsHeIbrOPJG+//zC09suA5hauHaSBMC56RtgEQ8a9jtn+06iDRSArC7FvrZxE5LnPMJ18fYDE3cs0GI3UhvsWKaeWUlAAnwAK3o7kI3ud1o/z8RZkUXt5mFlmBt03UUMwvWx9g0jCvOGK0AJEZ1ALtQArAr+zzXEeSOZzB6uplZsDZKV9//aVmrgsA5mHJJdQDJUAKwCyUAu/tp1wHkjafl/5nZICRcT3/l/17CjXGqjy2mlRLlRKinyy6UAGwz6PRKaPpf7HT8b3bB8ewt/W+XhaOLaaOGQIk4e9jt6we7jRKAnZ4KaA0uZtr/n40d+9gctNa1Y1/HAmekOoBEGOBc10GkjRKAnZ7iOoDc0f7/TGwQ4g/XXYcRm+D4prYCZmDKJTB6BkmAEoBtlADs9FTXAeSN9v+nZ0NL8PhaNgv/9mItwbENbJ7+mxKmVYBEaCbANkoAdtIKQMy0/z8lC8FgLZdPyzYICY5v6GjglFQHkAglANsoAdhJCUDMtP8/neDYOnYSuA4jMXYSEJ7IfmHjMmgFIBFKALZRArCd1T5RrLT/P5XgxCZhikf9xiUc+QQZPtq4LKoDSISu7dsoAdhJWWKMtP9/sHBjTFig43Lh+rgQyc6itAoQO13bt1ECsIPVhyRG2v/fnx37BMeyM+gnLsGJTcKJjgfuR3UAsdO1fRslADtVXQeQJ9r/35sd+/iD/Bz3m1VwTEnAfrQCELtV1wGkjRIASY7R/v9ewo0x/uNrUOSqeGsJhhvaDtiD6gAkaUoAJDGmpI/XboITm4Vc9t9LcGJThYF7MCUlAJIcbdBKcjTV7ExbDXH0xLtTuD6GIMQ7sorRU+8p+llIgpQASGKsn98z7bM6WeyXxyY/cQlHPtZfxzuyqgK4Lfq8SJK0RivJCS226INgbLTE7T+ezw5/cbNBSDBcJ1gbFb5rYDgJ8tUSWlJHKwCSqODYBuVznjTXfEUbhBCET/SQ96qVTM1ptJMgeurXSsjMwo0xduJTOrKaqUJSi8WOAsBGTbA8b65aGGutuiZK4pQASKJsEBKsbVI6Mt0JHBuEhJsT7OYY65/5xBx4Bu/QCqXDq+lOBKyNzrmvj11HkmnWD/EH63irFbzD1VTXBljsqQZH257aTcnDVMt41crUyUC4MdaKkSROCYAkLlwbnSrw2uUCaEOL3ZwQbo7374Uf2ui1QkvpyYcSjHh+4eaE4PgmhLp4xyXcnBCOfUqHV/Gq6bxkhSdGexZ32iDEro8J18eYcgmvWsZUK5hdimRtEEaJxEiFopK8dP42Se6EmxPCzQneoZWowYlnwA8Jx/7MdQLhxhhT9vDOSk/Ppiem3Y0KXvOQlNASHN8gHJUpHalivPSULwUb07c2tn5A4AewNsJUSphKGVP2onoZP9AJEVkqJQCyVOHGGGI4Ah+sjVOTAITrI4ITo2I39VkSO/bxH/fxzqriHapgUrAXFG7Mt9VjJ0Gupz9K+ikBkGwKQ2wQOm02pCI/R2y0rWRHE+dFgjYMVakvmaUEQDLLTgI3CYCK/FIhDUWCeoKXLFMCINnlYMk9KvLb0FNfipwqEqxGR0WXSR8DyTAlAJJdS3ziU5FfyoWW4Pgm4ShKBJa2MuS+BEFkbkoAJLuWdPEN10YEayryywI79vEnSywSTHFvApGDKAGQDEv24qsiv4w6vUjw8Gp07FREdlACIJmV2MOX3VpOnvN4l6SD9UP8YcJFgloBkAxTAiDZlcDFV0V++ZNkkaDu/5JlSgBE2CryO7ah6YV55apIUCTFlABIsdmtTn4q8iuEJ4oED1XxzkpHJ0ERV5QASGbZIFyowEtFfgW1lfTZ0QTvyCreIp8hTeyTDFMCIJllxz6szrGnG2518lORX6HZICQYrmMXKBK0YyWPkl1KACSzws1JdOGeYT9XRX6y3bxFgjYICcea3ifZpUoYyS5r8R9bm2oZ1gYh/uNrBMN13fxlp60iQX+4Pv3nabiuVsCSaUoAJNvCEP+xE3vv41sI1kb4jx5Xhb8cyE4C/MEawfoYu0dRqPWD6OavRFIyTlsAkn2hxX/0BKbsYVYqmJUS2OhCHW6MdaGW2WwVCYabY7xqBVP2wBjsxMeOAxX+SW4oAZDcsH6I9Uew7joSyYXQqlBUck1bACIiIgWkBEBERKSAlACIiIgUkBIAERGRAlICICIiUkA6BSCxsNYShAEWMIAxhpI3f491EYkEYYC1Fmuj8cMlrzRX22KR7ZQAyELCMGTsTwjCkO1t0TzjUSmXKZf0MROZlR/4THyfMNzZd6BUKrFSruB5WsSV+enKLHMLwpDN8Yi9+qGGNmQ0GRMEIdWVleUGJ5Jho/EIP9h70FAQBGyEAasrVa20ydyUPspcgjDY9+Z/Oj/0GU3UUEVkGqPJeN+b/xMsbI5GBKEmEsp8lADIzKy1jMZjZpmE4ge+LlQiBwjCAN+fbWbFaLz33AKR/SgBkJmNJmPsHGPQpnqqESkwf6+hVvs4lZCLzEYJgMxk4k/mfpL3g0DTU0X2YIlWyuYRhAETfxJvQJJ7SgBkakEYMp5xefJMFrRUKbK7BX83xpOTp3FEpqMEQKZisVuFfLqBiyQihrP9o/FI9QAyNSUAMpXxeIK1iz5dGDUwEdlDHL8Z1lrGOnEjU1ICIAfyAx8/XGTpP1Iu6byyyH7iaJrlB8HctQRSLEoAZF9RM594iosq6ggosq9KOZ7fkdF4TLjwip3knRIA2des5/33UvLKaluaPpvAhusg5BTP8yjFtFKmo4FyEF2RZU/jSTxPEcYYqpVKDBFJzB4DHnEdhJypWlmJpVYmDEPVA8i+lADIroIgYBLTPmK1UlXxXzo9ihKA1DHGUF2pxvJaE98nUAMu2YMSANnBWhtb7/5KuUJJS/9p9RjwE9dByE4lz6MS06rZaKJWwbI7XZllh3lb/W7nedHIUkkr8xO0ApBacY37jVoFj2KISPJGCYCcYZFWv6czGFYrGgGcco+gBCDVVleqsTQICsJQrYJlByUA8oTFW/2eshJTIZMkSglAykUFtPEk0moVLNspARDg9H3/xZf+y6Wymv5kgeEnqAYg9cqlEuXY+gOoVbCcogRAgOjpYPFWv+AZL7YnFkncw2gFIBOqlZX46gF0NFC2KAGQ2Fr9gqG6opt/higByJC4EusgCPBj2uqTbFNv1oKLngjiKQ5aKVfwjHLKDOkDOiSeEZ7nsVJZiaW5z2gyplQqqU6n4HS1LriJ7xNPq99SbH3MZSnurbebD9VajUeIEgHJgEq5HFurYJ0KECUABWaxsXT7i7NSWZbFfPO0v/m6szBkZnG1Cp4EvgoCC04JQIGFYUgcT/9q9ZtB5oyb/tecxSEzi61VsD15DZCiUgJQYHEk/2r1m1n/+7S/VgKQMXG1Ctbzf7Hpyi1zU6vfzPp/9Xbz/pN/U2s1HgR+6DAemUM8rYKVAhSZEoAC8xZYtler3ywz39rlH6oOIIMWbRWsUzvFpv/7BeZ53twXALX6zTCz681e2wAZtEgBrud5sTQXkuzS//2dCrUmVi7NfnRPrX4zr7vLP1MCkFHztgqe53c/4wp1bZ+GEoAdTKF6o1fK5ZkuBCWvpCN/2fbjeru549x/rdX4W+BeB/FIDKqVlZn6A5RL5SL27VDXy22UAOz0gOsAlq1aWaHkHXzxqJQq0Z6jZJj56D7/8kNLC0Nit7pSpTJFUW6pVCpqy+7CXdsPogRgO1PMD8nqSpVqpbqjJsBgtp76q6zEcOxInAowvGeff/9BQJNiMmylUqG6Uo1WA7bV6HieR3WlWuQkvpDX9v0Ubg1oCj9yHYAr5VKJcqmEBWwYglGVcM58sd5u7vn5rrUaDw+7/f8JvGaJMUnMTv4eA4Q2BAvGMxgKX7SrBGAbXd13+oHrAFwzLHZCQFLKmP2e/k96X+JxyNJ4Jqr0180fUK+LHXSF36bebt4H/JXrOERi9tf1dvPWg/5QrdX4S+B7S4hHZJm+vVXoKqdRArAbY25wHYJIrIz5wAx/WqsAkjcfdx1AGikB2N1H0Jx0yY814M9n+PMfA44lFIvIsvmAHup2oQRgF/V280Hgq67jEImHuaHebk59Q6+1GmvAhxMMSGSZbq21Gg+7DiKNlADsxZhriTJHkSwLMfy3Ob7vfYBmxUrW+cDvuQ4irZQA7KHebvZgqqppkRQzH6q3m3fP+l21VuMHwHsTCEhkmd5VazVm/vwXhRKA/RjeTIH7AkjmPYzh2gW+/zrgwbiCEVmyHwF/4DqINFMCsI96u7mOMW9EWwGSRcZcW283B/N+e63VOAb8TowRiSxLALyx1mqsuw4kzYy1GpB0kEGn96+w9sOARuBJVnytfvnFL4jjhYbd/v8CXhLHa4ksQQj8aq3V+ITrQNJOKwBTqLebH8eYN6CiKMmG0dbKVVyuATZjfD2RpFjg13Xzn44SgCnV280PYczVwMR1LCL7M39WbzfvievVaq3GvcDb4no9kYT4RMv+f+E6kKxQAjCDerv53zHmOYCqSiWt7sXw1gRe94/RnAxJrx7wC7VWY5aGV4WnGoA5DDq9Cpa3gP2PQNKDtf8OuBvM/8XQA/6WqDL7GPB04AIszwN7BfC0hGORtDPmpdP0/J/HsNt/AfCVJF5bMuV+4Ebgm1t//QBwBHgq8A+AZ299NYGfSjiWEfBW4I9rrYaKtWekBGABg07vH2G5BuxVwLkLvlwA3AfmbqCH4S7gO/V28yczxPNCrP0Tol88KRzzjvrlzd9N8h2G3f7vo6NVRXU7cO3WwKipDLv9v8epZODk1zNYvKD6x8BfAB+otRr3LfhahaUEIAaDTq8CvAprX0f0YT/vgG8ZAT8A872tp/o7gbvq7ebCR1YGnZ4B3oi17wQOLfp6khk31S+/+JXLeKNht/9x4KplvJekwjpwNfCRWqux8A1j2O0fAv4JZyYFzwJWD/jWh4DvAP8D+IKe+BenBCABg07vbOCZQAM4B3gUePi0r/vr7Waiw4YGnd5lWPtZoJ7k+0gq3IUxz6+3m0up1B92+1WgCzx3Ge8nTj0KXF5rNW5P8k2G3X6JaAvz3K2v83Hvg7gAAAfoSURBVDh17bwHuKfWagyTjKGIlADk2KDT+3ms/QZaCcizBzDmknq7+dAy33TY7Z8H3EFUhyL5tAY8R61080unAHKs3m7ehTH/znUckpjjGPPyZd/8AWqtxiPA5YCeyvLrGt38800rAAUwuPm7HeBlruOQWAUYc0W93fyCyyCG3f6LgVuAsss4JHafqbUaV7oOQpKlFYAiMOb3iTpkSV5Eff6d3vwBaq3Gl4DfdB2HxMoCf+g6CEmeEoACqLebdxIVbUkumLfX2813uY7ipFqrcT3wFtdxSGxuqbUa33MdhCRPCUBRGPN51yHIwiYY84b65c03uw5ku1qr8UfArwJj17HIwj7nOgBZDiUAxfFV1wHIQgYY87J6u5naVqe1VuNjwIuIjm5Jdk3d6EeyTQlAcdwNHHcdhMzlKMY8r95uftl1IAeptRrfAJ4D/NB1LDKXIZr5UBhKAAqi3m5aojkCki13YMwv1NvNvutAplVrNX4I/CLwddexyMzui6Pbn2SDEoBiUQKQKebTGHPZLPMg0qLWajwGvBj4qOtYZCZHXQcgy6Ozu4VifqTTgJkQgPmv9cub17kOZBG1VmMM/Nqw27+HaICQrjfpd9R1ALI8WgEoEsP9rkOQA92JMZdm/eZ/ulqr8TbgYuD/uI5FDqRrRIEoASgW/XKn1wBjfmurr/9droOJ21ZL2V8CXg885jgc2dtR1wHI8mhJrlg0NzuVzI0Yfqvebv7YdSRJ2iou++Cw2/8s8KfAax2HJDsddR2ALI9mARTIoNOrYe3AdRzyhL/BmGvq7eZtrgNxYdjtXwa8H7jIdSzyhCfXWg0dFy4IbQEUSL3dHAJKANzbAPNHGPPMot78AWqtxteAnwPeTDR6Vtx6VDf/YtEWQPE8ANRdB1FQ92HMB4AP1NvNx10Hkwa1VmMCvH3Y7b+XaEvgauAZbqMqrKOuA5Dl0gpA8agXwHIFwBcx5nKMubDebr5DN/+daq3GsNZqvJtoO+DFwE1EPztZnqOuA5Dl0gpA4agXwJI8CubDGN5Tbzd1+mJKW4WCXwa+POz2nwa8kejkwFOcBlYMR10HIMulBKBoDPfr/p+YEPg2xnwQ+Fi93Ry5DijLaq3GA8B1w27/rcCrgDcQHSXUymUylKgWjBKA4tEvebwC4FsY8xngxnq7+XeuA8qbrY6CnwA+Mez2zwf+JVFCcBm6hsXpqOsAZLn0y1M897oOIAcmwDe2bvqfqrebD7sOqChqrcZDwPXA9cNu/xzgl4EricYQr7iMLQeOug5Alkt9AApm0OmdhbXHgJLrWDJmE/jq1k3/0yrkS5dht18DXk6UDLwEOOQ2oszxiXoAbLgORJZHCUABDW7+bg94tus4MmAd+DLGfBr4bL3d1BnpDBh2+4eBlxFtE7wMOOI2okz4dq3VuNR1ELJc2gIoJPMtsEoAdncczK0YPg18vt5u6okoY2qtxhrwKeBTw25/lWhF4ErgFUDNZWwp9peuA5DlUwJQRIavY/kN12GkyONgvrh1079F1fv5UWs1NoHPAZ8bdvsrwAuJkoFfBs51GVvKfMN1ALJ82gIooEGndz7WPug6DsceAdPBcCNwW73dVNOZAhl2+yWiUwSvAq4AzncbkXNPqbUaj7gOQpZLCUBBDW7+7m1EHdeK5EEwn8fwKeAr9XYzdB2QuDfs9j3guUQrA1cCT3Mb0dJ9odZqvMJ1ELJ8SgAKatDpXYq1t7uOYwl+tHXTv7HebmqfUw407PYv4VQycIHjcJbh4lqr0XMdhCyfEoACG9z83S8CL3UdRwL+BsznMHyy3m5+x3Uwkl3Dbv/niLYJriSfY4s/W2s1rnAdhLihBKDABp3eP8XabwPGdSwx+D6Ym7Zu+t9zHYzkz7Dbv4goEXgV0RjjrLPAs2uthn5fCkoJQMENbu69C+zvuI5jTn8F5rMYbqi3m/e4DkaKY9jtX8CpbYJLHIczr/9SazX+k+sgxB0lAAU36PQ8rL2N6HhU2oXAXRhzE3CDpuxJGmxNLTyZDDyXbAwr6gCvqLUaKoQtMCUAwqDTOxtr7wT+oetYdhEAt2+14P2khu1Imm0NK7qCU8OK0thy+x7g0lqrMXQdiLilBEAAGHR6z8TaLwF/33UsRH3JTx+282PXAYnMatjtn8uZw4oqbiMC4AHgRbVW469dByLuKQGQJ2w1CPoM8BwHbz/izGE7jzmIQSQRw26/zpnDilYdhPFV4NVq+CMnKQGQMww6vQqWd4N90xLeboMzh+0cW8J7ijg17PaPcOawosNLeNt3Af+h1mr4S3gvyQglALKrQaf3Sqx9K/DMmF/6OJjbThu2sx7z64tkxrDbP8SpYUUvJ/5hRT3gulqrcUvMrys5oARA9jXo9H4Fa98CPGuRlzlt2E5Hw3ZEdtoaVvQiTg0rOmeBl7sL+MNaq/GFOGKTfFICIFMZdHovwvJisL8ENNl/D/M4cDeYHoZbgC/V283JUgIVyYFht18mOkXwUuDngYvZf3VgE7gd+BrQrbUaX088SMk8JQAys0GnVyUqFDwPqBIlA1VgHbgD+H693dQHSyQmw27fABcSJQNnERXNnvx6FLir1mpoZU1mogRARESkgLLQsUpERERipgRARESkgJQAiIiIFJASABERkQJSAiAiIlJASgBEREQKSAmAiIhIASkBEBERKSAlACIiIgWkBEBERKSA/j+uhURj3AaxZQAAAABJRU5ErkJggg==', 32.0);
INSERT INTO product_ingredient (product_id, ingredient_id)
VALUES (4, 5); -- Citric acid
INSERT INTO product_ingredient (product_id, ingredient_id)
VALUES (4, 11); -- Hyaluronic acid
INSERT INTO product_ingredient (product_id, ingredient_id)
VALUES (4, 13);
-- Niacinamide

-- Routines
INSERT INTO routine (start_date, patient_id)
VALUES ('2021-10-10', 1);
INSERT INTO routine_product (routine_id, product_id)
VALUES (1, 1);
INSERT INTO routine_product (routine_id, product_id)
VALUES (1, 2);

INSERT INTO routine (start_date, patient_id)
VALUES ('2021-10-11', 1);
INSERT INTO routine_product (routine_id, product_id)
VALUES (2, 3);
INSERT INTO routine_product (routine_id, product_id)
VALUES (2, 4);

-- Sus user routines
INSERT INTO routine (start_date, patient_id)
VALUES ('2021-10-10', 4);
INSERT INTO routine_product (routine_id, product_id)
VALUES (3, 1);

INSERT INTO routine (start_date, patient_id)
VALUES ('2021-10-11', 4);
INSERT INTO routine_product (routine_id, product_id)
VALUES (4, 2);

INSERT INTO routine (start_date, patient_id)
VALUES ('2021-10-12', 4);
INSERT INTO routine_product (routine_id, product_id)
VALUES (5, 3);

INSERT INTO routine (start_date, patient_id)
VALUES ('2021-10-13', 4);
INSERT INTO routine_product (routine_id, product_id)
VALUES (6, 4);

INSERT INTO routine (start_date, patient_id)
VALUES ('2021-10-10', 5);
INSERT INTO routine_product (routine_id, product_id)
VALUES (7, 1);

INSERT INTO routine (start_date, patient_id)
VALUES ('2021-10-10', 5);
INSERT INTO routine_product (routine_id, product_id)
VALUES (8, 2);

INSERT INTO routine (start_date, patient_id)
VALUES ('2021-10-10', 5);
INSERT INTO routine_product (routine_id, product_id)
VALUES (9, 3);

INSERT INTO routine (start_date, patient_id)
VALUES ('2021-10-10', 5);
INSERT INTO routine_product (routine_id, product_id)
VALUES (10, 4);

-- Product Reactions
INSERT INTO product_reaction (reaction, patient_id, product_id)
VALUES ('Bad reaction', 1, 4);

INSERT INTO product_reaction (reaction, patient_id, product_id)
VALUES ('Bad reaction', 4, 4);

-- Reaction
INSERT INTO reaction (reaction, symptom)
VALUES ('Bad reaction', 'Allergy');

INSERT INTO reaction (reaction, symptom)
VALUES ('Bad reaction', 'Condition worsening');

INSERT INTO reaction (reaction, symptom)
VALUES ('Allergy', 'Anaphylaxis');

INSERT INTO reaction (reaction, symptom)
VALUES ('Allergy', 'Rash');

INSERT INTO reaction (reaction, symptom)
VALUES ('Condition worsening', 'Breakouts');

INSERT INTO reaction (reaction, symptom)
VALUES ('Anaphylaxis', 'Swelling');

INSERT INTO reaction (reaction, symptom)
VALUES ('Anaphylaxis', 'Difficulty breathing');

INSERT INTO reaction (reaction, symptom)
VALUES ('Rash', 'Severe itching');

INSERT INTO reaction (reaction, symptom)
VALUES ('Severe itching', 'Itching');

INSERT INTO reaction (reaction, symptom)
VALUES ('Rash', 'Red patches');

INSERT INTO reaction (reaction, symptom)
VALUES ('Red patches', 'Redness');